"GEO_ID","NAME","B01003_001E","B01003_001M",
"Geography","Geographic Area Name","Estimate!!Total","Margin of Error!!Total",
"1500000US150010201001","Block Group 1; Census Tract 201; Hawaii County; Hawaii","2056","475",
"1500000US150010201002","Block Group 2; Census Tract 201; Hawaii County; Hawaii","483","148",
"1500000US150010201003","Block Group 3; Census Tract 201; Hawaii County; Hawaii","1390","341",
"1500000US150010201004","Block Group 4; Census Tract 201; Hawaii County; Hawaii","1366","352",
"1500000US150010202021","Block Group 1; Census Tract 202.02; Hawaii County; Hawaii","1218","343",
"1500000US150010202022","Block Group 2; Census Tract 202.02; Hawaii County; Hawaii","967","166",
"1500000US150010203001","Block Group 1; Census Tract 203; Hawaii County; Hawaii","1677","324",
"1500000US150010203002","Block Group 2; Census Tract 203; Hawaii County; Hawaii","1032","437",
"1500000US150010203003","Block Group 3; Census Tract 203; Hawaii County; Hawaii","1947","512",
"1500000US150010204001","Block Group 1; Census Tract 204; Hawaii County; Hawaii","902","365",
"1500000US150010204002","Block Group 2; Census Tract 204; Hawaii County; Hawaii","1110","533",
"1500000US150010204003","Block Group 3; Census Tract 204; Hawaii County; Hawaii","1247","263",
"1500000US150010205001","Block Group 1; Census Tract 205; Hawaii County; Hawaii","1249","672",
"1500000US150010205002","Block Group 2; Census Tract 205; Hawaii County; Hawaii","1495","694",
"1500000US150010205003","Block Group 3; Census Tract 205; Hawaii County; Hawaii","1840","771",
"1500000US150010205004","Block Group 4; Census Tract 205; Hawaii County; Hawaii","1983","763",
"1500000US150010206001","Block Group 1; Census Tract 206; Hawaii County; Hawaii","680","155",
"1500000US150010206002","Block Group 2; Census Tract 206; Hawaii County; Hawaii","866","199",
"1500000US150010206003","Block Group 3; Census Tract 206; Hawaii County; Hawaii","2015","285",
"1500000US150010206004","Block Group 4; Census Tract 206; Hawaii County; Hawaii","3492","644",
"1500000US150010207011","Block Group 1; Census Tract 207.01; Hawaii County; Hawaii","1994","641",
"1500000US150010207012","Block Group 2; Census Tract 207.01; Hawaii County; Hawaii","1596","541",
"1500000US150010207013","Block Group 3; Census Tract 207.01; Hawaii County; Hawaii","1610","604",
"1500000US150010207021","Block Group 1; Census Tract 207.02; Hawaii County; Hawaii","1535","444",
"1500000US150010207022","Block Group 2; Census Tract 207.02; Hawaii County; Hawaii","2190","466",
"1500000US150010207023","Block Group 3; Census Tract 207.02; Hawaii County; Hawaii","1171","434",
"1500000US150010208011","Block Group 1; Census Tract 208.01; Hawaii County; Hawaii","1692","336",
"1500000US150010208012","Block Group 2; Census Tract 208.01; Hawaii County; Hawaii","2304","384",
"1500000US150010208013","Block Group 3; Census Tract 208.01; Hawaii County; Hawaii","1220","553",
"1500000US150010208021","Block Group 1; Census Tract 208.02; Hawaii County; Hawaii","1084","356",
"1500000US150010208022","Block Group 2; Census Tract 208.02; Hawaii County; Hawaii","682","330",
"1500000US150010208023","Block Group 3; Census Tract 208.02; Hawaii County; Hawaii","3606","1029",
"1500000US150010208024","Block Group 4; Census Tract 208.02; Hawaii County; Hawaii","1024","369",
"1500000US150010208025","Block Group 5; Census Tract 208.02; Hawaii County; Hawaii","1582","443",
"1500000US150010209001","Block Group 1; Census Tract 209; Hawaii County; Hawaii","891","359",
"1500000US150010209002","Block Group 2; Census Tract 209; Hawaii County; Hawaii","1320","456",
"1500000US150010209003","Block Group 3; Census Tract 209; Hawaii County; Hawaii","1090","420",
"1500000US150010209004","Block Group 4; Census Tract 209; Hawaii County; Hawaii","950","305",
"1500000US150010209005","Block Group 5; Census Tract 209; Hawaii County; Hawaii","1230","479",
"1500000US150010210031","Block Group 1; Census Tract 210.03; Hawaii County; Hawaii","2073","865",
"1500000US150010210032","Block Group 2; Census Tract 210.03; Hawaii County; Hawaii","1729","566",
"1500000US150010210033","Block Group 3; Census Tract 210.03; Hawaii County; Hawaii","2365","637",
"1500000US150010210034","Block Group 4; Census Tract 210.03; Hawaii County; Hawaii","245","140",
"1500000US150010210035","Block Group 5; Census Tract 210.03; Hawaii County; Hawaii","1047","416",
"1500000US150010210111","Block Group 1; Census Tract 210.11; Hawaii County; Hawaii","2058","722",
"1500000US150010210112","Block Group 2; Census Tract 210.11; Hawaii County; Hawaii","1553","402",
"1500000US150010210113","Block Group 3; Census Tract 210.11; Hawaii County; Hawaii","1012","555",
"1500000US150010210131","Block Group 1; Census Tract 210.13; Hawaii County; Hawaii","1216","316",
"1500000US150010210132","Block Group 2; Census Tract 210.13; Hawaii County; Hawaii","1679","501",
"1500000US150010210133","Block Group 3; Census Tract 210.13; Hawaii County; Hawaii","2274","551",
"1500000US150010210141","Block Group 1; Census Tract 210.14; Hawaii County; Hawaii","1576","712",
"1500000US150010210142","Block Group 2; Census Tract 210.14; Hawaii County; Hawaii","2798","1289",
"1500000US150010210143","Block Group 3; Census Tract 210.14; Hawaii County; Hawaii","3703","930",
"1500000US150010210151","Block Group 1; Census Tract 210.15; Hawaii County; Hawaii","1917","678",
"1500000US150010210152","Block Group 2; Census Tract 210.15; Hawaii County; Hawaii","3073","1144",
"1500000US150010210161","Block Group 1; Census Tract 210.16; Hawaii County; Hawaii","2634","1178",
"1500000US150010210162","Block Group 2; Census Tract 210.16; Hawaii County; Hawaii","1946","453",
"1500000US150010210163","Block Group 3; Census Tract 210.16; Hawaii County; Hawaii","881","511",
"1500000US150010210171","Block Group 1; Census Tract 210.17; Hawaii County; Hawaii","1166","360",
"1500000US150010210172","Block Group 2; Census Tract 210.17; Hawaii County; Hawaii","1253","330",
"1500000US150010210173","Block Group 3; Census Tract 210.17; Hawaii County; Hawaii","1753","405",
"1500000US150010211011","Block Group 1; Census Tract 211.01; Hawaii County; Hawaii","25","33",
"1500000US150010211012","Block Group 2; Census Tract 211.01; Hawaii County; Hawaii","1801","341",
"1500000US150010211013","Block Group 3; Census Tract 211.01; Hawaii County; Hawaii","1208","233",
"1500000US150010211071","Block Group 1; Census Tract 211.07; Hawaii County; Hawaii","1063","210",
"1500000US150010211081","Block Group 1; Census Tract 211.08; Hawaii County; Hawaii","1669","701",
"1500000US150010211082","Block Group 2; Census Tract 211.08; Hawaii County; Hawaii","2906","821",
"1500000US150010211083","Block Group 3; Census Tract 211.08; Hawaii County; Hawaii","2251","643",
"1500000US150010212031","Block Group 1; Census Tract 212.03; Hawaii County; Hawaii","1829","625",
"1500000US150010212032","Block Group 2; Census Tract 212.03; Hawaii County; Hawaii","1810","758",
"1500000US150010212033","Block Group 3; Census Tract 212.03; Hawaii County; Hawaii","2166","889",
"1500000US150010212034","Block Group 4; Census Tract 212.03; Hawaii County; Hawaii","284","148",
"1500000US150010212041","Block Group 1; Census Tract 212.04; Hawaii County; Hawaii","811","315",
"1500000US150010212042","Block Group 2; Census Tract 212.04; Hawaii County; Hawaii","455","147",
"1500000US150010212043","Block Group 3; Census Tract 212.04; Hawaii County; Hawaii","1324","269",
"1500000US150010213001","Block Group 1; Census Tract 213; Hawaii County; Hawaii","1378","486",
"1500000US150010213002","Block Group 2; Census Tract 213; Hawaii County; Hawaii","1627","578",
"1500000US150010213003","Block Group 3; Census Tract 213; Hawaii County; Hawaii","2328","735",
"1500000US150010213004","Block Group 4; Census Tract 213; Hawaii County; Hawaii","658","359",
"1500000US150010214021","Block Group 1; Census Tract 214.02; Hawaii County; Hawaii","1259","540",
"1500000US150010214022","Block Group 2; Census Tract 214.02; Hawaii County; Hawaii","2563","664",
"1500000US150010215021","Block Group 1; Census Tract 215.02; Hawaii County; Hawaii","2025","512",
"1500000US150010215022","Block Group 2; Census Tract 215.02; Hawaii County; Hawaii","2185","587",
"1500000US150010215023","Block Group 3; Census Tract 215.02; Hawaii County; Hawaii","1201","370",
"1500000US150010215041","Block Group 1; Census Tract 215.04; Hawaii County; Hawaii","3276","673",
"1500000US150010215042","Block Group 2; Census Tract 215.04; Hawaii County; Hawaii","3424","715",
"1500000US150010215101","Block Group 1; Census Tract 215.10; Hawaii County; Hawaii","1312","498",
"1500000US150010215102","Block Group 2; Census Tract 215.10; Hawaii County; Hawaii","758","295",
"1500000US150010215103","Block Group 3; Census Tract 215.10; Hawaii County; Hawaii","857","348",
"1500000US150010215104","Block Group 4; Census Tract 215.10; Hawaii County; Hawaii","489","209",
"1500000US150010215111","Block Group 1; Census Tract 215.11; Hawaii County; Hawaii","1948","502",
"1500000US150010215121","Block Group 1; Census Tract 215.12; Hawaii County; Hawaii","2102","505",
"1500000US150010215122","Block Group 2; Census Tract 215.12; Hawaii County; Hawaii","2252","512",
"1500000US150010215131","Block Group 1; Census Tract 215.13; Hawaii County; Hawaii","1638","605",
"1500000US150010215132","Block Group 2; Census Tract 215.13; Hawaii County; Hawaii","1802","676",
"1500000US150010215133","Block Group 3; Census Tract 215.13; Hawaii County; Hawaii","2296","808",
"1500000US150010216051","Block Group 1; Census Tract 216.05; Hawaii County; Hawaii","1354","662",
"1500000US150010216052","Block Group 2; Census Tract 216.05; Hawaii County; Hawaii","928","298",
"1500000US150010216053","Block Group 3; Census Tract 216.05; Hawaii County; Hawaii","1886","597",
"1500000US150010216061","Block Group 1; Census Tract 216.06; Hawaii County; Hawaii","2051","763",
"1500000US150010216062","Block Group 2; Census Tract 216.06; Hawaii County; Hawaii","2230","600",
"1500000US150010216071","Block Group 1; Census Tract 216.07; Hawaii County; Hawaii","1632","630",
"1500000US150010216072","Block Group 2; Census Tract 216.07; Hawaii County; Hawaii","1186","413",
"1500000US150010216073","Block Group 3; Census Tract 216.07; Hawaii County; Hawaii","1530","402",
"1500000US150010216081","Block Group 1; Census Tract 216.08; Hawaii County; Hawaii","546","284",
"1500000US150010216082","Block Group 2; Census Tract 216.08; Hawaii County; Hawaii","1318","687",
"1500000US150010216083","Block Group 3; Census Tract 216.08; Hawaii County; Hawaii","1898","563",
"1500000US150010216084","Block Group 4; Census Tract 216.08; Hawaii County; Hawaii","981","703",
"1500000US150010217051","Block Group 1; Census Tract 217.05; Hawaii County; Hawaii","2587","880",
"1500000US150010217052","Block Group 2; Census Tract 217.05; Hawaii County; Hawaii","952","319",
"1500000US150010217053","Block Group 3; Census Tract 217.05; Hawaii County; Hawaii","2174","804",
"1500000US150010217061","Block Group 1; Census Tract 217.06; Hawaii County; Hawaii","2066","718",
"1500000US150010217062","Block Group 2; Census Tract 217.06; Hawaii County; Hawaii","1942","353",
"1500000US150010217071","Block Group 1; Census Tract 217.07; Hawaii County; Hawaii","2563","510",
"1500000US150010217072","Block Group 2; Census Tract 217.07; Hawaii County; Hawaii","1642","592",
"1500000US150010217073","Block Group 3; Census Tract 217.07; Hawaii County; Hawaii","350","188",
"1500000US150010217081","Block Group 1; Census Tract 217.08; Hawaii County; Hawaii","1137","244",
"1500000US150010217082","Block Group 2; Census Tract 217.08; Hawaii County; Hawaii","1514","641",
"1500000US150010217083","Block Group 3; Census Tract 217.08; Hawaii County; Hawaii","1824","680",
"1500000US150010218001","Block Group 1; Census Tract 218; Hawaii County; Hawaii","1330","326",
"1500000US150010218002","Block Group 2; Census Tract 218; Hawaii County; Hawaii","2452","542",
"1500000US150010218003","Block Group 3; Census Tract 218; Hawaii County; Hawaii","2135","567",
"1500000US150010218004","Block Group 4; Census Tract 218; Hawaii County; Hawaii","1236","408",
"1500000US150010219021","Block Group 1; Census Tract 219.02; Hawaii County; Hawaii","1865","462",
"1500000US150010219022","Block Group 2; Census Tract 219.02; Hawaii County; Hawaii","739","364",
"1500000US150010219023","Block Group 3; Census Tract 219.02; Hawaii County; Hawaii","1079","439",
"1500000US150010220001","Block Group 1; Census Tract 220; Hawaii County; Hawaii","1170","347",
"1500000US150010220002","Block Group 2; Census Tract 220; Hawaii County; Hawaii","1158","240",
"1500000US150010221021","Block Group 1; Census Tract 221.02; Hawaii County; Hawaii","697","373",
"1500000US150010221022","Block Group 2; Census Tract 221.02; Hawaii County; Hawaii","900","281",
"1500000US150019900000","Block Group 0; Census Tract 9900; Hawaii County; Hawaii","0","12",
"1500000US150019901000","Block Group 0; Census Tract 9901; Hawaii County; Hawaii","0","12",
"1500000US150019903000","Block Group 0; Census Tract 9903; Hawaii County; Hawaii","0","12",
"1500000US150019904000","Block Group 0; Census Tract 9904; Hawaii County; Hawaii","0","12",
"1500000US150019905000","Block Group 0; Census Tract 9905; Hawaii County; Hawaii","0","12",
"1500000US150019906000","Block Group 0; Census Tract 9906; Hawaii County; Hawaii","0","12",
"1500000US150019907000","Block Group 0; Census Tract 9907; Hawaii County; Hawaii","0","12",
"1500000US150019908000","Block Group 0; Census Tract 9908; Hawaii County; Hawaii","0","12",
"1500000US150019909000","Block Group 0; Census Tract 9909; Hawaii County; Hawaii","0","12",
"1500000US150019910000","Block Group 0; Census Tract 9910; Hawaii County; Hawaii","0","12",
"1500000US150019911000","Block Group 0; Census Tract 9911; Hawaii County; Hawaii","0","12",
"1500000US150019912000","Block Group 0; Census Tract 9912; Hawaii County; Hawaii","0","12",
"1500000US150019913000","Block Group 0; Census Tract 9913; Hawaii County; Hawaii","0","12",
"1500000US150019914000","Block Group 0; Census Tract 9914; Hawaii County; Hawaii","0","12",
"1500000US150019915000","Block Group 0; Census Tract 9915; Hawaii County; Hawaii","0","12",
"1500000US150019916000","Block Group 0; Census Tract 9916; Hawaii County; Hawaii","0","12",
"1500000US150019917000","Block Group 0; Census Tract 9917; Hawaii County; Hawaii","0","12",
"1500000US150030001071","Block Group 1; Census Tract 1.07; Honolulu County; Hawaii","1815","257",
"1500000US150030001072","Block Group 2; Census Tract 1.07; Honolulu County; Hawaii","1155","205",
"1500000US150030001081","Block Group 1; Census Tract 1.08; Honolulu County; Hawaii","955","225",
"1500000US150030001082","Block Group 2; Census Tract 1.08; Honolulu County; Hawaii","1210","382",
"1500000US150030001083","Block Group 3; Census Tract 1.08; Honolulu County; Hawaii","1213","457",
"1500000US150030001101","Block Group 1; Census Tract 1.10; Honolulu County; Hawaii","1295","350",
"1500000US150030001102","Block Group 2; Census Tract 1.10; Honolulu County; Hawaii","837","343",
"1500000US150030001103","Block Group 3; Census Tract 1.10; Honolulu County; Hawaii","1741","384",
"1500000US150030001104","Block Group 4; Census Tract 1.10; Honolulu County; Hawaii","576","251",
"1500000US150030001141","Block Group 1; Census Tract 1.14; Honolulu County; Hawaii","460","94",
"1500000US150030001142","Block Group 2; Census Tract 1.14; Honolulu County; Hawaii","904","244",
"1500000US150030001151","Block Group 1; Census Tract 1.15; Honolulu County; Hawaii","1291","438",
"1500000US150030001152","Block Group 2; Census Tract 1.15; Honolulu County; Hawaii","630","296",
"1500000US150030001153","Block Group 3; Census Tract 1.15; Honolulu County; Hawaii","278","127",
"1500000US150030001161","Block Group 1; Census Tract 1.16; Honolulu County; Hawaii","2366","395",
"1500000US150030001171","Block Group 1; Census Tract 1.17; Honolulu County; Hawaii","1840","363",
"1500000US150030001181","Block Group 1; Census Tract 1.18; Honolulu County; Hawaii","1703","283",
"1500000US150030001191","Block Group 1; Census Tract 1.19; Honolulu County; Hawaii","1260","346",
"1500000US150030001192","Block Group 2; Census Tract 1.19; Honolulu County; Hawaii","1197","552",
"1500000US150030001193","Block Group 3; Census Tract 1.19; Honolulu County; Hawaii","383","117",
"1500000US150030001201","Block Group 1; Census Tract 1.20; Honolulu County; Hawaii","675","171",
"1500000US150030001202","Block Group 2; Census Tract 1.20; Honolulu County; Hawaii","727","223",
"1500000US150030001203","Block Group 3; Census Tract 1.20; Honolulu County; Hawaii","954","190",
"1500000US150030001211","Block Group 1; Census Tract 1.21; Honolulu County; Hawaii","1696","253",
"1500000US150030001212","Block Group 2; Census Tract 1.21; Honolulu County; Hawaii","741","211",
"1500000US150030001221","Block Group 1; Census Tract 1.22; Honolulu County; Hawaii","1304","585",
"1500000US150030001222","Block Group 2; Census Tract 1.22; Honolulu County; Hawaii","621","269",
"1500000US150030001223","Block Group 3; Census Tract 1.22; Honolulu County; Hawaii","1086","399",
"1500000US150030002001","Block Group 1; Census Tract 2; Honolulu County; Hawaii","830","303",
"1500000US150030002002","Block Group 2; Census Tract 2; Honolulu County; Hawaii","939","598",
"1500000US150030002003","Block Group 3; Census Tract 2; Honolulu County; Hawaii","1629","428",
"1500000US150030002004","Block Group 4; Census Tract 2; Honolulu County; Hawaii","1101","468",
"1500000US150030002005","Block Group 5; Census Tract 2; Honolulu County; Hawaii","735","204",
"1500000US150030002006","Block Group 6; Census Tract 2; Honolulu County; Hawaii","602","225",
"1500000US150030003011","Block Group 1; Census Tract 3.01; Honolulu County; Hawaii","2213","505",
"1500000US150030003012","Block Group 2; Census Tract 3.01; Honolulu County; Hawaii","1325","265",
"1500000US150030003021","Block Group 1; Census Tract 3.02; Honolulu County; Hawaii","1299","316",
"1500000US150030003022","Block Group 2; Census Tract 3.02; Honolulu County; Hawaii","1490","337",
"1500000US150030004011","Block Group 1; Census Tract 4.01; Honolulu County; Hawaii","905","304",
"1500000US150030004012","Block Group 2; Census Tract 4.01; Honolulu County; Hawaii","2334","279",
"1500000US150030004021","Block Group 1; Census Tract 4.02; Honolulu County; Hawaii","708","184",
"1500000US150030004022","Block Group 2; Census Tract 4.02; Honolulu County; Hawaii","2451","597",
"1500000US150030004023","Block Group 3; Census Tract 4.02; Honolulu County; Hawaii","1139","527",
"1500000US150030005001","Block Group 1; Census Tract 5; Honolulu County; Hawaii","737","290",
"1500000US150030005002","Block Group 2; Census Tract 5; Honolulu County; Hawaii","742","288",
"1500000US150030005003","Block Group 3; Census Tract 5; Honolulu County; Hawaii","567","172",
"1500000US150030005004","Block Group 4; Census Tract 5; Honolulu County; Hawaii","833","256",
"1500000US150030005005","Block Group 5; Census Tract 5; Honolulu County; Hawaii","747","277",
"1500000US150030006001","Block Group 1; Census Tract 6; Honolulu County; Hawaii","0","12",
"1500000US150030006002","Block Group 2; Census Tract 6; Honolulu County; Hawaii","1039","248",
"1500000US150030007001","Block Group 1; Census Tract 7; Honolulu County; Hawaii","793","222",
"1500000US150030007002","Block Group 2; Census Tract 7; Honolulu County; Hawaii","452","126",
"1500000US150030007003","Block Group 3; Census Tract 7; Honolulu County; Hawaii","751","295",
"1500000US150030007004","Block Group 4; Census Tract 7; Honolulu County; Hawaii","1250","383",
"1500000US150030008001","Block Group 1; Census Tract 8; Honolulu County; Hawaii","1164","378",
"1500000US150030008002","Block Group 2; Census Tract 8; Honolulu County; Hawaii","1215","312",
"1500000US150030008003","Block Group 3; Census Tract 8; Honolulu County; Hawaii","1829","616",
"1500000US150030009011","Block Group 1; Census Tract 9.01; Honolulu County; Hawaii","1141","299",
"1500000US150030009012","Block Group 2; Census Tract 9.01; Honolulu County; Hawaii","1257","252",
"1500000US150030009031","Block Group 1; Census Tract 9.03; Honolulu County; Hawaii","980","227",
"1500000US150030009032","Block Group 2; Census Tract 9.03; Honolulu County; Hawaii","1531","339",
"1500000US150030009041","Block Group 1; Census Tract 9.04; Honolulu County; Hawaii","2568","1250",
"1500000US150030009051","Block Group 1; Census Tract 9.05; Honolulu County; Hawaii","1089","288",
"1500000US150030009052","Block Group 2; Census Tract 9.05; Honolulu County; Hawaii","1161","192",
"1500000US150030010001","Block Group 1; Census Tract 10; Honolulu County; Hawaii","1623","452",
"1500000US150030010002","Block Group 2; Census Tract 10; Honolulu County; Hawaii","1239","270",
"1500000US150030011011","Block Group 1; Census Tract 11.01; Honolulu County; Hawaii","880","252",
"1500000US150030011012","Block Group 2; Census Tract 11.01; Honolulu County; Hawaii","899","424",
"1500000US150030011021","Block Group 1; Census Tract 11.02; Honolulu County; Hawaii","984","299",
"1500000US150030011022","Block Group 2; Census Tract 11.02; Honolulu County; Hawaii","910","340",
"1500000US150030012011","Block Group 1; Census Tract 12.01; Honolulu County; Hawaii","967","340",
"1500000US150030012012","Block Group 2; Census Tract 12.01; Honolulu County; Hawaii","2068","417",
"1500000US150030012021","Block Group 1; Census Tract 12.02; Honolulu County; Hawaii","1910","339",
"1500000US150030012022","Block Group 2; Census Tract 12.02; Honolulu County; Hawaii","1016","505",
"1500000US150030013001","Block Group 1; Census Tract 13; Honolulu County; Hawaii","1143","314",
"1500000US150030013002","Block Group 2; Census Tract 13; Honolulu County; Hawaii","1478","635",
"1500000US150030013003","Block Group 3; Census Tract 13; Honolulu County; Hawaii","1018","342",
"1500000US150030013004","Block Group 4; Census Tract 13; Honolulu County; Hawaii","740","242",
"1500000US150030014001","Block Group 1; Census Tract 14; Honolulu County; Hawaii","1070","366",
"1500000US150030014002","Block Group 2; Census Tract 14; Honolulu County; Hawaii","1737","334",
"1500000US150030015011","Block Group 1; Census Tract 15.01; Honolulu County; Hawaii","2001","553",
"1500000US150030015021","Block Group 1; Census Tract 15.02; Honolulu County; Hawaii","931","253",
"1500000US150030015022","Block Group 2; Census Tract 15.02; Honolulu County; Hawaii","1104","291",
"1500000US150030016011","Block Group 1; Census Tract 16.01; Honolulu County; Hawaii","1348","264",
"1500000US150030016012","Block Group 2; Census Tract 16.01; Honolulu County; Hawaii","640","269",
"1500000US150030016021","Block Group 1; Census Tract 16.02; Honolulu County; Hawaii","771","151",
"1500000US150030016022","Block Group 2; Census Tract 16.02; Honolulu County; Hawaii","914","389",
"1500000US150030017001","Block Group 1; Census Tract 17; Honolulu County; Hawaii","1369","325",
"1500000US150030017002","Block Group 2; Census Tract 17; Honolulu County; Hawaii","828","235",
"1500000US150030018011","Block Group 1; Census Tract 18.01; Honolulu County; Hawaii","395","175",
"1500000US150030018012","Block Group 2; Census Tract 18.01; Honolulu County; Hawaii","381","143",
"1500000US150030018031","Block Group 1; Census Tract 18.03; Honolulu County; Hawaii","823","272",
"1500000US150030018032","Block Group 2; Census Tract 18.03; Honolulu County; Hawaii","310","140",
"1500000US150030018033","Block Group 3; Census Tract 18.03; Honolulu County; Hawaii","1014","335",
"1500000US150030018034","Block Group 4; Census Tract 18.03; Honolulu County; Hawaii","712","219",
"1500000US150030018041","Block Group 1; Census Tract 18.04; Honolulu County; Hawaii","622","170",
"1500000US150030018042","Block Group 2; Census Tract 18.04; Honolulu County; Hawaii","833","241",
"1500000US150030019011","Block Group 1; Census Tract 19.01; Honolulu County; Hawaii","497","147",
"1500000US150030019051","Block Group 1; Census Tract 19.05; Honolulu County; Hawaii","328","140",
"1500000US150030019052","Block Group 2; Census Tract 19.05; Honolulu County; Hawaii","911","206",
"1500000US150030019061","Block Group 1; Census Tract 19.06; Honolulu County; Hawaii","532","162",
"1500000US150030019062","Block Group 2; Census Tract 19.06; Honolulu County; Hawaii","1382","348",
"1500000US150030019063","Block Group 3; Census Tract 19.06; Honolulu County; Hawaii","1211","250",
"1500000US150030019071","Block Group 1; Census Tract 19.07; Honolulu County; Hawaii","1387","736",
"1500000US150030019072","Block Group 2; Census Tract 19.07; Honolulu County; Hawaii","331","138",
"1500000US150030019073","Block Group 3; Census Tract 19.07; Honolulu County; Hawaii","930","230",
"1500000US150030020031","Block Group 1; Census Tract 20.03; Honolulu County; Hawaii","803","218",
"1500000US150030020032","Block Group 2; Census Tract 20.03; Honolulu County; Hawaii","996","279",
"1500000US150030020041","Block Group 1; Census Tract 20.04; Honolulu County; Hawaii","655","128",
"1500000US150030020042","Block Group 2; Census Tract 20.04; Honolulu County; Hawaii","723","183",
"1500000US150030020051","Block Group 1; Census Tract 20.05; Honolulu County; Hawaii","884","264",
"1500000US150030020052","Block Group 2; Census Tract 20.05; Honolulu County; Hawaii","817","290",
"1500000US150030020061","Block Group 1; Census Tract 20.06; Honolulu County; Hawaii","750","194",
"1500000US150030020062","Block Group 2; Census Tract 20.06; Honolulu County; Hawaii","1438","257",
"1500000US150030021011","Block Group 1; Census Tract 21.01; Honolulu County; Hawaii","270","104",
"1500000US150030021012","Block Group 2; Census Tract 21.01; Honolulu County; Hawaii","645","238",
"1500000US150030021013","Block Group 3; Census Tract 21.01; Honolulu County; Hawaii","809","187",
"1500000US150030021021","Block Group 1; Census Tract 21.02; Honolulu County; Hawaii","340","159",
"1500000US150030021022","Block Group 2; Census Tract 21.02; Honolulu County; Hawaii","1171","229",
"1500000US150030022031","Block Group 1; Census Tract 22.03; Honolulu County; Hawaii","1537","266",
"1500000US150030022041","Block Group 1; Census Tract 22.04; Honolulu County; Hawaii","1124","155",
"1500000US150030022051","Block Group 1; Census Tract 22.05; Honolulu County; Hawaii","1866","468",
"1500000US150030022061","Block Group 1; Census Tract 22.06; Honolulu County; Hawaii","967","272",
"1500000US150030022062","Block Group 2; Census Tract 22.06; Honolulu County; Hawaii","1022","253",
"1500000US150030023011","Block Group 1; Census Tract 23.01; Honolulu County; Hawaii","792","235",
"1500000US150030023012","Block Group 2; Census Tract 23.01; Honolulu County; Hawaii","1377","504",
"1500000US150030023013","Block Group 3; Census Tract 23.01; Honolulu County; Hawaii","1113","304",
"1500000US150030023021","Block Group 1; Census Tract 23.02; Honolulu County; Hawaii","1178","246",
"1500000US150030023022","Block Group 2; Census Tract 23.02; Honolulu County; Hawaii","753","272",
"1500000US150030024011","Block Group 1; Census Tract 24.01; Honolulu County; Hawaii","847","281",
"1500000US150030024012","Block Group 2; Census Tract 24.01; Honolulu County; Hawaii","768","201",
"1500000US150030024013","Block Group 3; Census Tract 24.01; Honolulu County; Hawaii","529","151",
"1500000US150030024014","Block Group 4; Census Tract 24.01; Honolulu County; Hawaii","642","691",
"1500000US150030024031","Block Group 1; Census Tract 24.03; Honolulu County; Hawaii","903","327",
"1500000US150030024032","Block Group 2; Census Tract 24.03; Honolulu County; Hawaii","795","243",
"1500000US150030024041","Block Group 1; Census Tract 24.04; Honolulu County; Hawaii","566","209",
"1500000US150030024042","Block Group 2; Census Tract 24.04; Honolulu County; Hawaii","818","151",
"1500000US150030025001","Block Group 1; Census Tract 25; Honolulu County; Hawaii","2350","518",
"1500000US150030025002","Block Group 2; Census Tract 25; Honolulu County; Hawaii","851","245",
"1500000US150030025003","Block Group 3; Census Tract 25; Honolulu County; Hawaii","518","191",
"1500000US150030026001","Block Group 1; Census Tract 26; Honolulu County; Hawaii","832","209",
"1500000US150030026002","Block Group 2; Census Tract 26; Honolulu County; Hawaii","649","177",
"1500000US150030026003","Block Group 3; Census Tract 26; Honolulu County; Hawaii","653","218",
"1500000US150030026004","Block Group 4; Census Tract 26; Honolulu County; Hawaii","1669","710",
"1500000US150030027011","Block Group 1; Census Tract 27.01; Honolulu County; Hawaii","974","259",
"1500000US150030027012","Block Group 2; Census Tract 27.01; Honolulu County; Hawaii","1131","271",
"1500000US150030027013","Block Group 3; Census Tract 27.01; Honolulu County; Hawaii","2315","260",
"1500000US150030027021","Block Group 1; Census Tract 27.02; Honolulu County; Hawaii","912","322",
"1500000US150030027022","Block Group 2; Census Tract 27.02; Honolulu County; Hawaii","1019","340",
"1500000US150030027023","Block Group 3; Census Tract 27.02; Honolulu County; Hawaii","1611","287",
"1500000US150030027024","Block Group 4; Census Tract 27.02; Honolulu County; Hawaii","1234","512",
"1500000US150030028011","Block Group 1; Census Tract 28.01; Honolulu County; Hawaii","1633","330",
"1500000US150030028021","Block Group 1; Census Tract 28.02; Honolulu County; Hawaii","787","225",
"1500000US150030028022","Block Group 2; Census Tract 28.02; Honolulu County; Hawaii","1636","306",
"1500000US150030029001","Block Group 1; Census Tract 29; Honolulu County; Hawaii","2412","286",
"1500000US150030030001","Block Group 1; Census Tract 30; Honolulu County; Hawaii","794","265",
"1500000US150030030002","Block Group 2; Census Tract 30; Honolulu County; Hawaii","1192","294",
"1500000US150030030003","Block Group 3; Census Tract 30; Honolulu County; Hawaii","1363","344",
"1500000US150030030004","Block Group 4; Census Tract 30; Honolulu County; Hawaii","1026","242",
"1500000US150030031021","Block Group 1; Census Tract 31.02; Honolulu County; Hawaii","2439","375",
"1500000US150030031022","Block Group 2; Census Tract 31.02; Honolulu County; Hawaii","1096","239",
"1500000US150030031031","Block Group 1; Census Tract 31.03; Honolulu County; Hawaii","1503","202",
"1500000US150030031041","Block Group 1; Census Tract 31.04; Honolulu County; Hawaii","2404","628",
"1500000US150030034041","Block Group 1; Census Tract 34.04; Honolulu County; Hawaii","1741","567",
"1500000US150030034042","Block Group 2; Census Tract 34.04; Honolulu County; Hawaii","1261","421",
"1500000US150030034043","Block Group 3; Census Tract 34.04; Honolulu County; Hawaii","290","185",
"1500000US150030034044","Block Group 4; Census Tract 34.04; Honolulu County; Hawaii","1416","442",
"1500000US150030034081","Block Group 1; Census Tract 34.08; Honolulu County; Hawaii","781","199",
"1500000US150030034082","Block Group 2; Census Tract 34.08; Honolulu County; Hawaii","1158","223",
"1500000US150030034091","Block Group 1; Census Tract 34.09; Honolulu County; Hawaii","1233","363",
"1500000US150030034092","Block Group 2; Census Tract 34.09; Honolulu County; Hawaii","665","172",
"1500000US150030034101","Block Group 1; Census Tract 34.10; Honolulu County; Hawaii","2229","1029",
"1500000US150030034111","Block Group 1; Census Tract 34.11; Honolulu County; Hawaii","1262","301",
"1500000US150030034121","Block Group 1; Census Tract 34.12; Honolulu County; Hawaii","1788","407",
"1500000US150030034131","Block Group 1; Census Tract 34.13; Honolulu County; Hawaii","1465","447",
"1500000US150030034132","Block Group 2; Census Tract 34.13; Honolulu County; Hawaii","967","239",
"1500000US150030034141","Block Group 1; Census Tract 34.14; Honolulu County; Hawaii","610","212",
"1500000US150030034142","Block Group 2; Census Tract 34.14; Honolulu County; Hawaii","1484","293",
"1500000US150030034143","Block Group 3; Census Tract 34.14; Honolulu County; Hawaii","1371","396",
"1500000US150030034144","Block Group 4; Census Tract 34.14; Honolulu County; Hawaii","966","312",
"1500000US150030035011","Block Group 1; Census Tract 35.01; Honolulu County; Hawaii","648","183",
"1500000US150030035012","Block Group 2; Census Tract 35.01; Honolulu County; Hawaii","1629","334",
"1500000US150030035031","Block Group 1; Census Tract 35.03; Honolulu County; Hawaii","1314","242",
"1500000US150030035041","Block Group 1; Census Tract 35.04; Honolulu County; Hawaii","691","240",
"1500000US150030035042","Block Group 2; Census Tract 35.04; Honolulu County; Hawaii","2127","562",
"1500000US150030036031","Block Group 1; Census Tract 36.03; Honolulu County; Hawaii","1317","324",
"1500000US150030036032","Block Group 2; Census Tract 36.03; Honolulu County; Hawaii","1779","704",
"1500000US150030036033","Block Group 3; Census Tract 36.03; Honolulu County; Hawaii","266","166",
"1500000US150030036041","Block Group 1; Census Tract 36.04; Honolulu County; Hawaii","875","205",
"1500000US150030036042","Block Group 2; Census Tract 36.04; Honolulu County; Hawaii","1458","278",
"1500000US150030036051","Block Group 1; Census Tract 36.05; Honolulu County; Hawaii","913","99",
"1500000US150030036061","Block Group 1; Census Tract 36.06; Honolulu County; Hawaii","1221","469",
"1500000US150030036062","Block Group 2; Census Tract 36.06; Honolulu County; Hawaii","1740","498",
"1500000US150030037011","Block Group 1; Census Tract 37.01; Honolulu County; Hawaii","416","154",
"1500000US150030037012","Block Group 2; Census Tract 37.01; Honolulu County; Hawaii","780","252",
"1500000US150030037013","Block Group 3; Census Tract 37.01; Honolulu County; Hawaii","1364","378",
"1500000US150030037014","Block Group 4; Census Tract 37.01; Honolulu County; Hawaii","0","12",
"1500000US150030037021","Block Group 1; Census Tract 37.02; Honolulu County; Hawaii","681","302",
"1500000US150030037022","Block Group 2; Census Tract 37.02; Honolulu County; Hawaii","1408","511",
"1500000US150030037023","Block Group 3; Census Tract 37.02; Honolulu County; Hawaii","2097","576",
"1500000US150030037024","Block Group 4; Census Tract 37.02; Honolulu County; Hawaii","252","144",
"1500000US150030037031","Block Group 1; Census Tract 37.03; Honolulu County; Hawaii","1198","316",
"1500000US150030037032","Block Group 2; Census Tract 37.03; Honolulu County; Hawaii","561","537",
"1500000US150030037033","Block Group 3; Census Tract 37.03; Honolulu County; Hawaii","683","256",
"1500000US150030037034","Block Group 4; Census Tract 37.03; Honolulu County; Hawaii","0","12",
"1500000US150030037035","Block Group 5; Census Tract 37.03; Honolulu County; Hawaii","866","328",
"1500000US150030038011","Block Group 1; Census Tract 38.01; Honolulu County; Hawaii","1644","424",
"1500000US150030038012","Block Group 2; Census Tract 38.01; Honolulu County; Hawaii","1264","470",
"1500000US150030038013","Block Group 3; Census Tract 38.01; Honolulu County; Hawaii","0","12",
"1500000US150030038014","Block Group 4; Census Tract 38.01; Honolulu County; Hawaii","1710","477",
"1500000US150030038015","Block Group 5; Census Tract 38.01; Honolulu County; Hawaii","5","37",
"1500000US150030038021","Block Group 1; Census Tract 38.02; Honolulu County; Hawaii","285","157",
"1500000US150030038022","Block Group 2; Census Tract 38.02; Honolulu County; Hawaii","2444","698",
"1500000US150030038023","Block Group 3; Census Tract 38.02; Honolulu County; Hawaii","787","446",
"1500000US150030038024","Block Group 4; Census Tract 38.02; Honolulu County; Hawaii","0","12",
"1500000US150030038025","Block Group 5; Census Tract 38.02; Honolulu County; Hawaii","1324","413",
"1500000US150030039001","Block Group 1; Census Tract 39; Honolulu County; Hawaii","535","72",
"1500000US150030040001","Block Group 1; Census Tract 40; Honolulu County; Hawaii","1030","242",
"1500000US150030040002","Block Group 2; Census Tract 40; Honolulu County; Hawaii","420","185",
"1500000US150030041011","Block Group 1; Census Tract 41.01; Honolulu County; Hawaii","565","163",
"1500000US150030041012","Block Group 2; Census Tract 41.01; Honolulu County; Hawaii","750","185",
"1500000US150030041021","Block Group 1; Census Tract 41.02; Honolulu County; Hawaii","580","269",
"1500000US150030041022","Block Group 2; Census Tract 41.02; Honolulu County; Hawaii","1042","214",
"1500000US150030041023","Block Group 3; Census Tract 41.02; Honolulu County; Hawaii","573","387",
"1500000US150030042011","Block Group 1; Census Tract 42.01; Honolulu County; Hawaii","642","176",
"1500000US150030042012","Block Group 2; Census Tract 42.01; Honolulu County; Hawaii","914","247",
"1500000US150030042021","Block Group 1; Census Tract 42.02; Honolulu County; Hawaii","934","308",
"1500000US150030042022","Block Group 2; Census Tract 42.02; Honolulu County; Hawaii","847","212",
"1500000US150030043011","Block Group 1; Census Tract 43.01; Honolulu County; Hawaii","607","166",
"1500000US150030043012","Block Group 2; Census Tract 43.01; Honolulu County; Hawaii","1653","435",
"1500000US150030043021","Block Group 1; Census Tract 43.02; Honolulu County; Hawaii","1233","659",
"1500000US150030043022","Block Group 2; Census Tract 43.02; Honolulu County; Hawaii","783","353",
"1500000US150030043023","Block Group 3; Census Tract 43.02; Honolulu County; Hawaii","835","206",
"1500000US150030044011","Block Group 1; Census Tract 44.01; Honolulu County; Hawaii","709","162",
"1500000US150030044012","Block Group 2; Census Tract 44.01; Honolulu County; Hawaii","1279","477",
"1500000US150030044013","Block Group 3; Census Tract 44.01; Honolulu County; Hawaii","822","209",
"1500000US150030044021","Block Group 1; Census Tract 44.02; Honolulu County; Hawaii","1836","231",
"1500000US150030044022","Block Group 2; Census Tract 44.02; Honolulu County; Hawaii","944","235",
"1500000US150030045001","Block Group 1; Census Tract 45; Honolulu County; Hawaii","1431","415",
"1500000US150030045002","Block Group 2; Census Tract 45; Honolulu County; Hawaii","1238","394",
"1500000US150030045003","Block Group 3; Census Tract 45; Honolulu County; Hawaii","1668","352",
"1500000US150030045004","Block Group 4; Census Tract 45; Honolulu County; Hawaii","1100","504",
"1500000US150030046001","Block Group 1; Census Tract 46; Honolulu County; Hawaii","965","282",
"1500000US150030046002","Block Group 2; Census Tract 46; Honolulu County; Hawaii","742","178",
"1500000US150030046003","Block Group 3; Census Tract 46; Honolulu County; Hawaii","1184","292",
"1500000US150030046004","Block Group 4; Census Tract 46; Honolulu County; Hawaii","1069","512",
"1500000US150030047011","Block Group 1; Census Tract 47.01; Honolulu County; Hawaii","1441","478",
"1500000US150030047012","Block Group 2; Census Tract 47.01; Honolulu County; Hawaii","1169","276",
"1500000US150030047021","Block Group 1; Census Tract 47.02; Honolulu County; Hawaii","778","308",
"1500000US150030047022","Block Group 2; Census Tract 47.02; Honolulu County; Hawaii","789","215",
"1500000US150030047023","Block Group 3; Census Tract 47.02; Honolulu County; Hawaii","995","239",
"1500000US150030048011","Block Group 1; Census Tract 48.01; Honolulu County; Hawaii","739","146",
"1500000US150030048012","Block Group 2; Census Tract 48.01; Honolulu County; Hawaii","788","409",
"1500000US150030048013","Block Group 3; Census Tract 48.01; Honolulu County; Hawaii","972","347",
"1500000US150030048021","Block Group 1; Census Tract 48.02; Honolulu County; Hawaii","1883","501",
"1500000US150030048022","Block Group 2; Census Tract 48.02; Honolulu County; Hawaii","942","340",
"1500000US150030048023","Block Group 3; Census Tract 48.02; Honolulu County; Hawaii","1306","540",
"1500000US150030049001","Block Group 1; Census Tract 49; Honolulu County; Hawaii","1424","531",
"1500000US150030049002","Block Group 2; Census Tract 49; Honolulu County; Hawaii","1170","326",
"1500000US150030049003","Block Group 3; Census Tract 49; Honolulu County; Hawaii","716","155",
"1500000US150030050001","Block Group 1; Census Tract 50; Honolulu County; Hawaii","1241","448",
"1500000US150030050002","Block Group 2; Census Tract 50; Honolulu County; Hawaii","896","218",
"1500000US150030050003","Block Group 3; Census Tract 50; Honolulu County; Hawaii","633","231",
"1500000US150030050004","Block Group 4; Census Tract 50; Honolulu County; Hawaii","979","331",
"1500000US150030051001","Block Group 1; Census Tract 51; Honolulu County; Hawaii","1663","309",
"1500000US150030051002","Block Group 2; Census Tract 51; Honolulu County; Hawaii","1300","291",
"1500000US150030052001","Block Group 1; Census Tract 52; Honolulu County; Hawaii","935","359",
"1500000US150030052002","Block Group 2; Census Tract 52; Honolulu County; Hawaii","1718","268",
"1500000US150030053001","Block Group 1; Census Tract 53; Honolulu County; Hawaii","4154","744",
"1500000US150030053002","Block Group 2; Census Tract 53; Honolulu County; Hawaii","808","232",
"1500000US150030054001","Block Group 1; Census Tract 54; Honolulu County; Hawaii","1248","411",
"1500000US150030055001","Block Group 1; Census Tract 55; Honolulu County; Hawaii","2079","315",
"1500000US150030056011","Block Group 1; Census Tract 56.01; Honolulu County; Hawaii","1053","363",
"1500000US150030056012","Block Group 2; Census Tract 56.01; Honolulu County; Hawaii","968","435",
"1500000US150030056021","Block Group 1; Census Tract 56.02; Honolulu County; Hawaii","1123","586",
"1500000US150030056022","Block Group 2; Census Tract 56.02; Honolulu County; Hawaii","1011","446",
"1500000US150030056023","Block Group 3; Census Tract 56.02; Honolulu County; Hawaii","1895","775",
"1500000US150030057001","Block Group 1; Census Tract 57; Honolulu County; Hawaii","2067","373",
"1500000US150030057002","Block Group 2; Census Tract 57; Honolulu County; Hawaii","845","315",
"1500000US150030058001","Block Group 1; Census Tract 58; Honolulu County; Hawaii","1387","571",
"1500000US150030058002","Block Group 2; Census Tract 58; Honolulu County; Hawaii","2209","663",
"1500000US150030059001","Block Group 1; Census Tract 59; Honolulu County; Hawaii","1991","363",
"1500000US150030059002","Block Group 2; Census Tract 59; Honolulu County; Hawaii","978","133",
"1500000US150030060001","Block Group 1; Census Tract 60; Honolulu County; Hawaii","2261","714",
"1500000US150030060002","Block Group 2; Census Tract 60; Honolulu County; Hawaii","1818","526",
"1500000US150030060003","Block Group 3; Census Tract 60; Honolulu County; Hawaii","1480","526",
"1500000US150030061001","Block Group 1; Census Tract 61; Honolulu County; Hawaii","1654","467",
"1500000US150030061002","Block Group 2; Census Tract 61; Honolulu County; Hawaii","2630","637",
"1500000US150030062021","Block Group 1; Census Tract 62.02; Honolulu County; Hawaii","1735","481",
"1500000US150030062022","Block Group 2; Census Tract 62.02; Honolulu County; Hawaii","779","318",
"1500000US150030062031","Block Group 1; Census Tract 62.03; Honolulu County; Hawaii","3436","668",
"1500000US150030062032","Block Group 2; Census Tract 62.03; Honolulu County; Hawaii","1576","556",
"1500000US150030063011","Block Group 1; Census Tract 63.01; Honolulu County; Hawaii","1316","334",
"1500000US150030063012","Block Group 2; Census Tract 63.01; Honolulu County; Hawaii","1221","401",
"1500000US150030063013","Block Group 3; Census Tract 63.01; Honolulu County; Hawaii","1260","328",
"1500000US150030063021","Block Group 1; Census Tract 63.02; Honolulu County; Hawaii","466","242",
"1500000US150030063022","Block Group 2; Census Tract 63.02; Honolulu County; Hawaii","2664","742",
"1500000US150030064011","Block Group 1; Census Tract 64.01; Honolulu County; Hawaii","2279","466",
"1500000US150030064021","Block Group 1; Census Tract 64.02; Honolulu County; Hawaii","894","517",
"1500000US150030064022","Block Group 2; Census Tract 64.02; Honolulu County; Hawaii","1301","466",
"1500000US150030064023","Block Group 3; Census Tract 64.02; Honolulu County; Hawaii","2050","840",
"1500000US150030064024","Block Group 4; Census Tract 64.02; Honolulu County; Hawaii","2221","588",
"1500000US150030065001","Block Group 1; Census Tract 65; Honolulu County; Hawaii","2833","642",
"1500000US150030065002","Block Group 2; Census Tract 65; Honolulu County; Hawaii","822","417",
"1500000US150030067031","Block Group 1; Census Tract 67.03; Honolulu County; Hawaii","1825","446",
"1500000US150030067041","Block Group 1; Census Tract 67.04; Honolulu County; Hawaii","1165","317",
"1500000US150030067042","Block Group 2; Census Tract 67.04; Honolulu County; Hawaii","1597","402",
"1500000US150030067043","Block Group 3; Census Tract 67.04; Honolulu County; Hawaii","1309","543",
"1500000US150030067044","Block Group 4; Census Tract 67.04; Honolulu County; Hawaii","707","309",
"1500000US150030067045","Block Group 5; Census Tract 67.04; Honolulu County; Hawaii","2528","686",
"1500000US150030068061","Block Group 1; Census Tract 68.06; Honolulu County; Hawaii","852","165",
"1500000US150030068062","Block Group 2; Census Tract 68.06; Honolulu County; Hawaii","789","187",
"1500000US150030068101","Block Group 1; Census Tract 68.10; Honolulu County; Hawaii","2186","614",
"1500000US150030068102","Block Group 2; Census Tract 68.10; Honolulu County; Hawaii","920","248",
"1500000US150030068111","Block Group 1; Census Tract 68.11; Honolulu County; Hawaii","1346","398",
"1500000US150030068121","Block Group 1; Census Tract 68.12; Honolulu County; Hawaii","1492","200",
"1500000US150030068131","Block Group 1; Census Tract 68.13; Honolulu County; Hawaii","1819","315",
"1500000US150030068132","Block Group 2; Census Tract 68.13; Honolulu County; Hawaii","313","209",
"1500000US150030068133","Block Group 3; Census Tract 68.13; Honolulu County; Hawaii","1399","451",
"1500000US150030068134","Block Group 4; Census Tract 68.13; Honolulu County; Hawaii","1516","627",
"1500000US150030068141","Block Group 1; Census Tract 68.14; Honolulu County; Hawaii","1302","459",
"1500000US150030068142","Block Group 2; Census Tract 68.14; Honolulu County; Hawaii","1052","298",
"1500000US150030068151","Block Group 1; Census Tract 68.15; Honolulu County; Hawaii","1839","785",
"1500000US150030068152","Block Group 2; Census Tract 68.15; Honolulu County; Hawaii","924","324",
"1500000US150030068161","Block Group 1; Census Tract 68.16; Honolulu County; Hawaii","2131","519",
"1500000US150030068171","Block Group 1; Census Tract 68.17; Honolulu County; Hawaii","1445","355",
"1500000US150030068172","Block Group 2; Census Tract 68.17; Honolulu County; Hawaii","1659","478",
"1500000US150030068173","Block Group 3; Census Tract 68.17; Honolulu County; Hawaii","948","370",
"1500000US150030068181","Block Group 1; Census Tract 68.18; Honolulu County; Hawaii","1520","216",
"1500000US150030068191","Block Group 1; Census Tract 68.19; Honolulu County; Hawaii","895","267",
"1500000US150030068192","Block Group 2; Census Tract 68.19; Honolulu County; Hawaii","1554","420",
"1500000US150030069001","Block Group 1; Census Tract 69; Honolulu County; Hawaii","1017","371",
"1500000US150030069002","Block Group 2; Census Tract 69; Honolulu County; Hawaii","2520","676",
"1500000US150030069003","Block Group 3; Census Tract 69; Honolulu County; Hawaii","1307","534",
"1500000US150030070011","Block Group 1; Census Tract 70.01; Honolulu County; Hawaii","869","263",
"1500000US150030070012","Block Group 2; Census Tract 70.01; Honolulu County; Hawaii","545","258",
"1500000US150030070021","Block Group 1; Census Tract 70.02; Honolulu County; Hawaii","881","393",
"1500000US150030070022","Block Group 2; Census Tract 70.02; Honolulu County; Hawaii","1314","347",
"1500000US150030071001","Block Group 1; Census Tract 71; Honolulu County; Hawaii","1962","572",
"1500000US150030071002","Block Group 2; Census Tract 71; Honolulu County; Hawaii","2147","494",
"1500000US150030073021","Block Group 1; Census Tract 73.02; Honolulu County; Hawaii","1207","353",
"1500000US150030073022","Block Group 2; Census Tract 73.02; Honolulu County; Hawaii","895","462",
"1500000US150030073023","Block Group 3; Census Tract 73.02; Honolulu County; Hawaii","1158","399",
"1500000US150030073024","Block Group 4; Census Tract 73.02; Honolulu County; Hawaii","1530","548",
"1500000US150030074001","Block Group 1; Census Tract 74; Honolulu County; Hawaii","5568","256",
"1500000US150030074002","Block Group 2; Census Tract 74; Honolulu County; Hawaii","1809","598",
"1500000US150030075041","Block Group 1; Census Tract 75.04; Honolulu County; Hawaii","1043","328",
"1500000US150030075042","Block Group 2; Census Tract 75.04; Honolulu County; Hawaii","1997","462",
"1500000US150030075071","Block Group 1; Census Tract 75.07; Honolulu County; Hawaii","1490","467",
"1500000US150030075072","Block Group 2; Census Tract 75.07; Honolulu County; Hawaii","614","114",
"1500000US150030075073","Block Group 3; Census Tract 75.07; Honolulu County; Hawaii","2188","521",
"1500000US150030075074","Block Group 4; Census Tract 75.07; Honolulu County; Hawaii","1937","620",
"1500000US150030075081","Block Group 1; Census Tract 75.08; Honolulu County; Hawaii","1172","517",
"1500000US150030075082","Block Group 2; Census Tract 75.08; Honolulu County; Hawaii","965","403",
"1500000US150030075083","Block Group 3; Census Tract 75.08; Honolulu County; Hawaii","1159","587",
"1500000US150030075084","Block Group 4; Census Tract 75.08; Honolulu County; Hawaii","2436","559",
"1500000US150030075085","Block Group 5; Census Tract 75.08; Honolulu County; Hawaii","1170","376",
"1500000US150030077011","Block Group 1; Census Tract 77.01; Honolulu County; Hawaii","1141","383",
"1500000US150030077012","Block Group 2; Census Tract 77.01; Honolulu County; Hawaii","1703","759",
"1500000US150030077013","Block Group 3; Census Tract 77.01; Honolulu County; Hawaii","1137","298",
"1500000US150030077021","Block Group 1; Census Tract 77.02; Honolulu County; Hawaii","1170","411",
"1500000US150030077022","Block Group 2; Census Tract 77.02; Honolulu County; Hawaii","1044","274",
"1500000US150030077023","Block Group 3; Census Tract 77.02; Honolulu County; Hawaii","1526","501",
"1500000US150030077024","Block Group 4; Census Tract 77.02; Honolulu County; Hawaii","1366","300",
"1500000US150030078041","Block Group 1; Census Tract 78.04; Honolulu County; Hawaii","1043","330",
"1500000US150030078042","Block Group 2; Census Tract 78.04; Honolulu County; Hawaii","1108","298",
"1500000US150030078071","Block Group 1; Census Tract 78.07; Honolulu County; Hawaii","1142","410",
"1500000US150030078072","Block Group 2; Census Tract 78.07; Honolulu County; Hawaii","996","353",
"1500000US150030078073","Block Group 3; Census Tract 78.07; Honolulu County; Hawaii","890","286",
"1500000US150030078074","Block Group 4; Census Tract 78.07; Honolulu County; Hawaii","516","162",
"1500000US150030078075","Block Group 5; Census Tract 78.07; Honolulu County; Hawaii","1243","510",
"1500000US150030078081","Block Group 1; Census Tract 78.08; Honolulu County; Hawaii","1385","553",
"1500000US150030078082","Block Group 2; Census Tract 78.08; Honolulu County; Hawaii","877","315",
"1500000US150030078083","Block Group 3; Census Tract 78.08; Honolulu County; Hawaii","689","182",
"1500000US150030078091","Block Group 1; Census Tract 78.09; Honolulu County; Hawaii","1071","269",
"1500000US150030078092","Block Group 2; Census Tract 78.09; Honolulu County; Hawaii","1015","208",
"1500000US150030078093","Block Group 3; Census Tract 78.09; Honolulu County; Hawaii","815","375",
"1500000US150030078121","Block Group 1; Census Tract 78.12; Honolulu County; Hawaii","660","171",
"1500000US150030078122","Block Group 2; Census Tract 78.12; Honolulu County; Hawaii","1505","431",
"1500000US150030078131","Block Group 1; Census Tract 78.13; Honolulu County; Hawaii","1414","352",
"1500000US150030078132","Block Group 2; Census Tract 78.13; Honolulu County; Hawaii","916","404",
"1500000US150030078133","Block Group 3; Census Tract 78.13; Honolulu County; Hawaii","802","195",
"1500000US150030078141","Block Group 1; Census Tract 78.14; Honolulu County; Hawaii","2394","501",
"1500000US150030078142","Block Group 2; Census Tract 78.14; Honolulu County; Hawaii","898","206",
"1500000US150030078151","Block Group 1; Census Tract 78.15; Honolulu County; Hawaii","2069","469",
"1500000US150030078161","Block Group 1; Census Tract 78.16; Honolulu County; Hawaii","341","137",
"1500000US150030078162","Block Group 2; Census Tract 78.16; Honolulu County; Hawaii","791","293",
"1500000US150030078163","Block Group 3; Census Tract 78.16; Honolulu County; Hawaii","2008","473",
"1500000US150030078171","Block Group 1; Census Tract 78.17; Honolulu County; Hawaii","1169","253",
"1500000US150030078172","Block Group 2; Census Tract 78.17; Honolulu County; Hawaii","1014","601",
"1500000US150030080011","Block Group 1; Census Tract 80.01; Honolulu County; Hawaii","2318","428",
"1500000US150030080012","Block Group 2; Census Tract 80.01; Honolulu County; Hawaii","476","227",
"1500000US150030080021","Block Group 1; Census Tract 80.02; Honolulu County; Hawaii","1588","694",
"1500000US150030080022","Block Group 2; Census Tract 80.02; Honolulu County; Hawaii","1061","246",
"1500000US150030080051","Block Group 1; Census Tract 80.05; Honolulu County; Hawaii","2442","792",
"1500000US150030080052","Block Group 2; Census Tract 80.05; Honolulu County; Hawaii","1055","403",
"1500000US150030080053","Block Group 3; Census Tract 80.05; Honolulu County; Hawaii","758","367",
"1500000US150030080054","Block Group 4; Census Tract 80.05; Honolulu County; Hawaii","1906","827",
"1500000US150030080081","Block Group 1; Census Tract 80.08; Honolulu County; Hawaii","978","242",
"1500000US150030080082","Block Group 2; Census Tract 80.08; Honolulu County; Hawaii","554","135",
"1500000US150030080091","Block Group 1; Census Tract 80.09; Honolulu County; Hawaii","859","297",
"1500000US150030080092","Block Group 2; Census Tract 80.09; Honolulu County; Hawaii","2134","525",
"1500000US150030080101","Block Group 1; Census Tract 80.10; Honolulu County; Hawaii","988","244",
"1500000US150030080102","Block Group 2; Census Tract 80.10; Honolulu County; Hawaii","1451","413",
"1500000US150030080111","Block Group 1; Census Tract 80.11; Honolulu County; Hawaii","2953","817",
"1500000US150030080121","Block Group 1; Census Tract 80.12; Honolulu County; Hawaii","1271","410",
"1500000US150030080122","Block Group 2; Census Tract 80.12; Honolulu County; Hawaii","1605","304",
"1500000US150030080131","Block Group 1; Census Tract 80.13; Honolulu County; Hawaii","959","208",
"1500000US150030080132","Block Group 2; Census Tract 80.13; Honolulu County; Hawaii","1364","278",
"1500000US150030083011","Block Group 1; Census Tract 83.01; Honolulu County; Hawaii","0","12",
"1500000US150030083012","Block Group 2; Census Tract 83.01; Honolulu County; Hawaii","2634","724",
"1500000US150030083013","Block Group 3; Census Tract 83.01; Honolulu County; Hawaii","1097","415",
"1500000US150030083014","Block Group 4; Census Tract 83.01; Honolulu County; Hawaii","1427","561",
"1500000US150030083021","Block Group 1; Census Tract 83.02; Honolulu County; Hawaii","2241","956",
"1500000US150030083022","Block Group 2; Census Tract 83.02; Honolulu County; Hawaii","2150","918",
"1500000US150030083023","Block Group 3; Census Tract 83.02; Honolulu County; Hawaii","1631","528",
"1500000US150030084051","Block Group 1; Census Tract 84.05; Honolulu County; Hawaii","1766","452",
"1500000US150030084052","Block Group 2; Census Tract 84.05; Honolulu County; Hawaii","784","398",
"1500000US150030084053","Block Group 3; Census Tract 84.05; Honolulu County; Hawaii","2286","680",
"1500000US150030084071","Block Group 1; Census Tract 84.07; Honolulu County; Hawaii","2456","733",
"1500000US150030084072","Block Group 2; Census Tract 84.07; Honolulu County; Hawaii","1422","367",
"1500000US150030084081","Block Group 1; Census Tract 84.08; Honolulu County; Hawaii","1991","720",
"1500000US150030084082","Block Group 2; Census Tract 84.08; Honolulu County; Hawaii","4172","914",
"1500000US150030084083","Block Group 3; Census Tract 84.08; Honolulu County; Hawaii","4263","1011",
"1500000US150030084101","Block Group 1; Census Tract 84.10; Honolulu County; Hawaii","2007","554",
"1500000US150030084102","Block Group 2; Census Tract 84.10; Honolulu County; Hawaii","6316","756",
"1500000US150030084111","Block Group 1; Census Tract 84.11; Honolulu County; Hawaii","860","315",
"1500000US150030084112","Block Group 2; Census Tract 84.11; Honolulu County; Hawaii","1276","361",
"1500000US150030084113","Block Group 3; Census Tract 84.11; Honolulu County; Hawaii","1510","607",
"1500000US150030084131","Block Group 1; Census Tract 84.13; Honolulu County; Hawaii","1814","614",
"1500000US150030084132","Block Group 2; Census Tract 84.13; Honolulu County; Hawaii","1357","359",
"1500000US150030084141","Block Group 1; Census Tract 84.14; Honolulu County; Hawaii","2459","509",
"1500000US150030084151","Block Group 1; Census Tract 84.15; Honolulu County; Hawaii","2105","653",
"1500000US150030084152","Block Group 2; Census Tract 84.15; Honolulu County; Hawaii","1946","402",
"1500000US150030084161","Block Group 1; Census Tract 84.16; Honolulu County; Hawaii","853","260",
"1500000US150030084162","Block Group 2; Census Tract 84.16; Honolulu County; Hawaii","2244","1468",
"1500000US150030084171","Block Group 1; Census Tract 84.17; Honolulu County; Hawaii","700","234",
"1500000US150030084172","Block Group 2; Census Tract 84.17; Honolulu County; Hawaii","1780","499",
"1500000US150030084173","Block Group 3; Census Tract 84.17; Honolulu County; Hawaii","452","218",
"1500000US150030084181","Block Group 1; Census Tract 84.18; Honolulu County; Hawaii","2314","530",
"1500000US150030084182","Block Group 2; Census Tract 84.18; Honolulu County; Hawaii","1540","664",
"1500000US150030084183","Block Group 3; Census Tract 84.18; Honolulu County; Hawaii","1329","368",
"1500000US150030085021","Block Group 1; Census Tract 85.02; Honolulu County; Hawaii","3342","357",
"1500000US150030086091","Block Group 1; Census Tract 86.09; Honolulu County; Hawaii","1650","323",
"1500000US150030086101","Block Group 1; Census Tract 86.10; Honolulu County; Hawaii","848","217",
"1500000US150030086111","Block Group 1; Census Tract 86.11; Honolulu County; Hawaii","0","12",
"1500000US150030086231","Block Group 1; Census Tract 86.23; Honolulu County; Hawaii","1766","748",
"1500000US150030086232","Block Group 2; Census Tract 86.23; Honolulu County; Hawaii","1024","382",
"1500000US150030086233","Block Group 3; Census Tract 86.23; Honolulu County; Hawaii","1955","529",
"1500000US150030086234","Block Group 4; Census Tract 86.23; Honolulu County; Hawaii","58","5",
"1500000US150030086241","Block Group 1; Census Tract 86.24; Honolulu County; Hawaii","1877","757",
"1500000US150030086242","Block Group 2; Census Tract 86.24; Honolulu County; Hawaii","1226","407",
"1500000US150030086251","Block Group 1; Census Tract 86.25; Honolulu County; Hawaii","1011","427",
"1500000US150030086252","Block Group 2; Census Tract 86.25; Honolulu County; Hawaii","2724","710",
"1500000US150030086261","Block Group 1; Census Tract 86.26; Honolulu County; Hawaii","2237","925",
"1500000US150030086262","Block Group 2; Census Tract 86.26; Honolulu County; Hawaii","1504","387",
"1500000US150030086271","Block Group 1; Census Tract 86.27; Honolulu County; Hawaii","832","520",
"1500000US150030086272","Block Group 2; Census Tract 86.27; Honolulu County; Hawaii","1693","568",
"1500000US150030086273","Block Group 3; Census Tract 86.27; Honolulu County; Hawaii","985","489",
"1500000US150030086274","Block Group 4; Census Tract 86.27; Honolulu County; Hawaii","3536","1075",
"1500000US150030086275","Block Group 5; Census Tract 86.27; Honolulu County; Hawaii","4015","904",
"1500000US150030086281","Block Group 1; Census Tract 86.28; Honolulu County; Hawaii","2589","737",
"1500000US150030086282","Block Group 2; Census Tract 86.28; Honolulu County; Hawaii","1496","437",
"1500000US150030086291","Block Group 1; Census Tract 86.29; Honolulu County; Hawaii","2262","750",
"1500000US150030086301","Block Group 1; Census Tract 86.30; Honolulu County; Hawaii","1825","505",
"1500000US150030086302","Block Group 2; Census Tract 86.30; Honolulu County; Hawaii","1528","421",
"1500000US150030086311","Block Group 1; Census Tract 86.31; Honolulu County; Hawaii","1318","282",
"1500000US150030086312","Block Group 2; Census Tract 86.31; Honolulu County; Hawaii","1327","257",
"1500000US150030086321","Block Group 1; Census Tract 86.32; Honolulu County; Hawaii","862","260",
"1500000US150030086322","Block Group 2; Census Tract 86.32; Honolulu County; Hawaii","2516","751",
"1500000US150030086323","Block Group 3; Census Tract 86.32; Honolulu County; Hawaii","885","366",
"1500000US150030086324","Block Group 4; Census Tract 86.32; Honolulu County; Hawaii","1457","485",
"1500000US150030086331","Block Group 1; Census Tract 86.33; Honolulu County; Hawaii","3105","519",
"1500000US150030086341","Block Group 1; Census Tract 86.34; Honolulu County; Hawaii","855","306",
"1500000US150030086342","Block Group 2; Census Tract 86.34; Honolulu County; Hawaii","969","493",
"1500000US150030086343","Block Group 3; Census Tract 86.34; Honolulu County; Hawaii","1276","372",
"1500000US150030087021","Block Group 1; Census Tract 87.02; Honolulu County; Hawaii","2601","524",
"1500000US150030087022","Block Group 2; Census Tract 87.02; Honolulu County; Hawaii","1582","606",
"1500000US150030087023","Block Group 3; Census Tract 87.02; Honolulu County; Hawaii","1122","618",
"1500000US150030087041","Block Group 1; Census Tract 87.04; Honolulu County; Hawaii","515","276",
"1500000US150030087042","Block Group 2; Census Tract 87.04; Honolulu County; Hawaii","2976","636",
"1500000US150030087051","Block Group 1; Census Tract 87.05; Honolulu County; Hawaii","1988","555",
"1500000US150030087052","Block Group 2; Census Tract 87.05; Honolulu County; Hawaii","1471","513",
"1500000US150030087061","Block Group 1; Census Tract 87.06; Honolulu County; Hawaii","1063","401",
"1500000US150030087062","Block Group 2; Census Tract 87.06; Honolulu County; Hawaii","1278","441",
"1500000US150030087063","Block Group 3; Census Tract 87.06; Honolulu County; Hawaii","1317","364",
"1500000US150030087071","Block Group 1; Census Tract 87.07; Honolulu County; Hawaii","1259","386",
"1500000US150030087072","Block Group 2; Census Tract 87.07; Honolulu County; Hawaii","1118","550",
"1500000US150030087073","Block Group 3; Census Tract 87.07; Honolulu County; Hawaii","1968","1012",
"1500000US150030087074","Block Group 4; Census Tract 87.07; Honolulu County; Hawaii","1601","587",
"1500000US150030088011","Block Group 1; Census Tract 88.01; Honolulu County; Hawaii","1860","480",
"1500000US150030088012","Block Group 2; Census Tract 88.01; Honolulu County; Hawaii","1739","446",
"1500000US150030088021","Block Group 1; Census Tract 88.02; Honolulu County; Hawaii","1426","370",
"1500000US150030088022","Block Group 2; Census Tract 88.02; Honolulu County; Hawaii","2530","933",
"1500000US150030088023","Block Group 3; Census Tract 88.02; Honolulu County; Hawaii","1444","394",
"1500000US150030089061","Block Group 1; Census Tract 89.06; Honolulu County; Hawaii","1202","459",
"1500000US150030089062","Block Group 2; Census Tract 89.06; Honolulu County; Hawaii","1783","417",
"1500000US150030089063","Block Group 3; Census Tract 89.06; Honolulu County; Hawaii","901","220",
"1500000US150030089091","Block Group 1; Census Tract 89.09; Honolulu County; Hawaii","1130","308",
"1500000US150030089092","Block Group 2; Census Tract 89.09; Honolulu County; Hawaii","1585","441",
"1500000US150030089093","Block Group 3; Census Tract 89.09; Honolulu County; Hawaii","916","242",
"1500000US150030089121","Block Group 1; Census Tract 89.12; Honolulu County; Hawaii","1389","418",
"1500000US150030089122","Block Group 2; Census Tract 89.12; Honolulu County; Hawaii","1698","448",
"1500000US150030089131","Block Group 1; Census Tract 89.13; Honolulu County; Hawaii","1405","404",
"1500000US150030089132","Block Group 2; Census Tract 89.13; Honolulu County; Hawaii","1463","433",
"1500000US150030089133","Block Group 3; Census Tract 89.13; Honolulu County; Hawaii","1323","597",
"1500000US150030089171","Block Group 1; Census Tract 89.17; Honolulu County; Hawaii","746","270",
"1500000US150030089172","Block Group 2; Census Tract 89.17; Honolulu County; Hawaii","446","148",
"1500000US150030089173","Block Group 3; Census Tract 89.17; Honolulu County; Hawaii","1254","393",
"1500000US150030089174","Block Group 4; Census Tract 89.17; Honolulu County; Hawaii","996","343",
"1500000US150030089175","Block Group 5; Census Tract 89.17; Honolulu County; Hawaii","962","304",
"1500000US150030089181","Block Group 1; Census Tract 89.18; Honolulu County; Hawaii","1086","758",
"1500000US150030089182","Block Group 2; Census Tract 89.18; Honolulu County; Hawaii","1566","402",
"1500000US150030089183","Block Group 3; Census Tract 89.18; Honolulu County; Hawaii","846","233",
"1500000US150030089184","Block Group 4; Census Tract 89.18; Honolulu County; Hawaii","1051","258",
"1500000US150030089185","Block Group 5; Census Tract 89.18; Honolulu County; Hawaii","779","251",
"1500000US150030089211","Block Group 1; Census Tract 89.21; Honolulu County; Hawaii","1552","520",
"1500000US150030089212","Block Group 2; Census Tract 89.21; Honolulu County; Hawaii","875","290",
"1500000US150030089261","Block Group 1; Census Tract 89.26; Honolulu County; Hawaii","1818","278",
"1500000US150030089281","Block Group 1; Census Tract 89.28; Honolulu County; Hawaii","1711","388",
"1500000US150030089282","Block Group 2; Census Tract 89.28; Honolulu County; Hawaii","2238","376",
"1500000US150030089291","Block Group 1; Census Tract 89.29; Honolulu County; Hawaii","721","360",
"1500000US150030089292","Block Group 2; Census Tract 89.29; Honolulu County; Hawaii","1842","734",
"1500000US150030089293","Block Group 3; Census Tract 89.29; Honolulu County; Hawaii","1178","317",
"1500000US150030089294","Block Group 4; Census Tract 89.29; Honolulu County; Hawaii","603","266",
"1500000US150030089295","Block Group 5; Census Tract 89.29; Honolulu County; Hawaii","1166","530",
"1500000US150030089301","Block Group 1; Census Tract 89.30; Honolulu County; Hawaii","965","205",
"1500000US150030089302","Block Group 2; Census Tract 89.30; Honolulu County; Hawaii","1422","238",
"1500000US150030089311","Block Group 1; Census Tract 89.31; Honolulu County; Hawaii","193","37",
"1500000US150030089312","Block Group 2; Census Tract 89.31; Honolulu County; Hawaii","1462","319",
"1500000US150030089313","Block Group 3; Census Tract 89.31; Honolulu County; Hawaii","1304","232",
"1500000US150030089321","Block Group 1; Census Tract 89.32; Honolulu County; Hawaii","549","146",
"1500000US150030089322","Block Group 2; Census Tract 89.32; Honolulu County; Hawaii","1824","259",
"1500000US150030089331","Block Group 1; Census Tract 89.33; Honolulu County; Hawaii","2592","583",
"1500000US150030089332","Block Group 2; Census Tract 89.33; Honolulu County; Hawaii","1088","411",
"1500000US150030089341","Block Group 1; Census Tract 89.34; Honolulu County; Hawaii","1288","381",
"1500000US150030089342","Block Group 2; Census Tract 89.34; Honolulu County; Hawaii","1315","404",
"1500000US150030089343","Block Group 3; Census Tract 89.34; Honolulu County; Hawaii","818","275",
"1500000US150030089351","Block Group 1; Census Tract 89.35; Honolulu County; Hawaii","1135","634",
"1500000US150030089352","Block Group 2; Census Tract 89.35; Honolulu County; Hawaii","2732","618",
"1500000US150030089361","Block Group 1; Census Tract 89.36; Honolulu County; Hawaii","1368","334",
"1500000US150030089362","Block Group 2; Census Tract 89.36; Honolulu County; Hawaii","1229","330",
"1500000US150030089371","Block Group 1; Census Tract 89.37; Honolulu County; Hawaii","1876","657",
"1500000US150030089381","Block Group 1; Census Tract 89.38; Honolulu County; Hawaii","913","201",
"1500000US150030089382","Block Group 2; Census Tract 89.38; Honolulu County; Hawaii","2452","904",
"1500000US150030089391","Block Group 1; Census Tract 89.39; Honolulu County; Hawaii","0","12",
"1500000US150030089392","Block Group 2; Census Tract 89.39; Honolulu County; Hawaii","1341","350",
"1500000US150030089393","Block Group 3; Census Tract 89.39; Honolulu County; Hawaii","1079","305",
"1500000US150030089401","Block Group 1; Census Tract 89.40; Honolulu County; Hawaii","2068","562",
"1500000US150030089402","Block Group 2; Census Tract 89.40; Honolulu County; Hawaii","844","266",
"1500000US150030089411","Block Group 1; Census Tract 89.41; Honolulu County; Hawaii","1930","298",
"1500000US150030089421","Block Group 1; Census Tract 89.42; Honolulu County; Hawaii","1774","366",
"1500000US150030089422","Block Group 2; Census Tract 89.42; Honolulu County; Hawaii","662","211",
"1500000US150030089431","Block Group 1; Census Tract 89.43; Honolulu County; Hawaii","1005","158",
"1500000US150030089441","Block Group 1; Census Tract 89.44; Honolulu County; Hawaii","881","294",
"1500000US150030089442","Block Group 2; Census Tract 89.44; Honolulu County; Hawaii","1775","496",
"1500000US150030089443","Block Group 3; Census Tract 89.44; Honolulu County; Hawaii","1187","281",
"1500000US150030089451","Block Group 1; Census Tract 89.45; Honolulu County; Hawaii","1707","352",
"1500000US150030089461","Block Group 1; Census Tract 89.46; Honolulu County; Hawaii","1074","273",
"1500000US150030089462","Block Group 2; Census Tract 89.46; Honolulu County; Hawaii","670","221",
"1500000US150030089463","Block Group 3; Census Tract 89.46; Honolulu County; Hawaii","937","211",
"1500000US150030089471","Block Group 1; Census Tract 89.47; Honolulu County; Hawaii","1440","206",
"1500000US150030089481","Block Group 1; Census Tract 89.48; Honolulu County; Hawaii","832","243",
"1500000US150030089482","Block Group 2; Census Tract 89.48; Honolulu County; Hawaii","658","235",
"1500000US150030089483","Block Group 3; Census Tract 89.48; Honolulu County; Hawaii","1125","263",
"1500000US150030089491","Block Group 1; Census Tract 89.49; Honolulu County; Hawaii","2054","727",
"1500000US150030089501","Block Group 1; Census Tract 89.50; Honolulu County; Hawaii","1693","405",
"1500000US150030089511","Block Group 1; Census Tract 89.51; Honolulu County; Hawaii","984","276",
"1500000US150030089512","Block Group 2; Census Tract 89.51; Honolulu County; Hawaii","993","327",
"1500000US150030089521","Block Group 1; Census Tract 89.52; Honolulu County; Hawaii","1434","330",
"1500000US150030089522","Block Group 2; Census Tract 89.52; Honolulu County; Hawaii","1680","599",
"1500000US150030089523","Block Group 3; Census Tract 89.52; Honolulu County; Hawaii","2360","629",
"1500000US150030090001","Block Group 1; Census Tract 90; Honolulu County; Hawaii","866","251",
"1500000US150030090002","Block Group 2; Census Tract 90; Honolulu County; Hawaii","1231","252",
"1500000US150030091001","Block Group 1; Census Tract 91; Honolulu County; Hawaii","843","276",
"1500000US150030091002","Block Group 2; Census Tract 91; Honolulu County; Hawaii","2696","407",
"1500000US150030091003","Block Group 3; Census Tract 91; Honolulu County; Hawaii","1328","505",
"1500000US150030092011","Block Group 1; Census Tract 92.01; Honolulu County; Hawaii","785","305",
"1500000US150030092012","Block Group 2; Census Tract 92.01; Honolulu County; Hawaii","1553","449",
"1500000US150030092013","Block Group 3; Census Tract 92.01; Honolulu County; Hawaii","646","325",
"1500000US150030092021","Block Group 1; Census Tract 92.02; Honolulu County; Hawaii","512","219",
"1500000US150030092022","Block Group 2; Census Tract 92.02; Honolulu County; Hawaii","1976","425",
"1500000US150030092031","Block Group 1; Census Tract 92.03; Honolulu County; Hawaii","2375","618",
"1500000US150030093011","Block Group 1; Census Tract 93.01; Honolulu County; Hawaii","1696","562",
"1500000US150030093021","Block Group 1; Census Tract 93.02; Honolulu County; Hawaii","1494","322",
"1500000US150030093022","Block Group 2; Census Tract 93.02; Honolulu County; Hawaii","448","264",
"1500000US150030093023","Block Group 3; Census Tract 93.02; Honolulu County; Hawaii","1265","607",
"1500000US150030094011","Block Group 1; Census Tract 94.01; Honolulu County; Hawaii","1345","382",
"1500000US150030094021","Block Group 1; Census Tract 94.02; Honolulu County; Hawaii","1139","425",
"1500000US150030094022","Block Group 2; Census Tract 94.02; Honolulu County; Hawaii","1679","671",
"1500000US150030094023","Block Group 3; Census Tract 94.02; Honolulu County; Hawaii","1083","399",
"1500000US150030095071","Block Group 1; Census Tract 95.07; Honolulu County; Hawaii","1021","330",
"1500000US150030095072","Block Group 2; Census Tract 95.07; Honolulu County; Hawaii","1014","282",
"1500000US150030095081","Block Group 1; Census Tract 95.08; Honolulu County; Hawaii","1474","302",
"1500000US150030095091","Block Group 1; Census Tract 95.09; Honolulu County; Hawaii","1341","558",
"1500000US150030095092","Block Group 2; Census Tract 95.09; Honolulu County; Hawaii","2010","381",
"1500000US150030095101","Block Group 1; Census Tract 95.10; Honolulu County; Hawaii","758","307",
"1500000US150030095102","Block Group 2; Census Tract 95.10; Honolulu County; Hawaii","484","272",
"1500000US150030095111","Block Group 1; Census Tract 95.11; Honolulu County; Hawaii","1664","437",
"1500000US150030095112","Block Group 2; Census Tract 95.11; Honolulu County; Hawaii","1433","314",
"1500000US150030095121","Block Group 1; Census Tract 95.12; Honolulu County; Hawaii","1400","403",
"1500000US150030095122","Block Group 2; Census Tract 95.12; Honolulu County; Hawaii","3025","74",
"1500000US150030095123","Block Group 3; Census Tract 95.12; Honolulu County; Hawaii","646","185",
"1500000US150030096081","Block Group 1; Census Tract 96.08; Honolulu County; Hawaii","930","325",
"1500000US150030096082","Block Group 2; Census Tract 96.08; Honolulu County; Hawaii","1132","522",
"1500000US150030096083","Block Group 3; Census Tract 96.08; Honolulu County; Hawaii","2044","775",
"1500000US150030096084","Block Group 4; Census Tract 96.08; Honolulu County; Hawaii","1459","470",
"1500000US150030096091","Block Group 1; Census Tract 96.09; Honolulu County; Hawaii","2712","1140",
"1500000US150030096092","Block Group 2; Census Tract 96.09; Honolulu County; Hawaii","1223","428",
"1500000US150030096093","Block Group 3; Census Tract 96.09; Honolulu County; Hawaii","1365","485",
"1500000US150030096101","Block Group 1; Census Tract 96.10; Honolulu County; Hawaii","772","334",
"1500000US150030096102","Block Group 2; Census Tract 96.10; Honolulu County; Hawaii","2599","916",
"1500000US150030096103","Block Group 3; Census Tract 96.10; Honolulu County; Hawaii","441","223",
"1500000US150030096104","Block Group 4; Census Tract 96.10; Honolulu County; Hawaii","567","258",
"1500000US150030096105","Block Group 5; Census Tract 96.10; Honolulu County; Hawaii","2241","1151",
"1500000US150030097041","Block Group 1; Census Tract 97.04; Honolulu County; Hawaii","1787","436",
"1500000US150030097042","Block Group 2; Census Tract 97.04; Honolulu County; Hawaii","1303","336",
"1500000US150030097051","Block Group 1; Census Tract 97.05; Honolulu County; Hawaii","614","285",
"1500000US150030097052","Block Group 2; Census Tract 97.05; Honolulu County; Hawaii","865","273",
"1500000US150030097053","Block Group 3; Census Tract 97.05; Honolulu County; Hawaii","999","389",
"1500000US150030097061","Block Group 1; Census Tract 97.06; Honolulu County; Hawaii","994","200",
"1500000US150030097062","Block Group 2; Census Tract 97.06; Honolulu County; Hawaii","752","286",
"1500000US150030097063","Block Group 3; Census Tract 97.06; Honolulu County; Hawaii","1395","289",
"1500000US150030097071","Block Group 1; Census Tract 97.07; Honolulu County; Hawaii","2499","711",
"1500000US150030097072","Block Group 2; Census Tract 97.07; Honolulu County; Hawaii","746","314",
"1500000US150030097073","Block Group 3; Census Tract 97.07; Honolulu County; Hawaii","2154","906",
"1500000US150030097074","Block Group 4; Census Tract 97.07; Honolulu County; Hawaii","1435","599",
"1500000US150030098011","Block Group 1; Census Tract 98.01; Honolulu County; Hawaii","545","224",
"1500000US150030098012","Block Group 2; Census Tract 98.01; Honolulu County; Hawaii","1756","394",
"1500000US150030098031","Block Group 1; Census Tract 98.03; Honolulu County; Hawaii","1835","1296",
"1500000US150030098032","Block Group 2; Census Tract 98.03; Honolulu County; Hawaii","547","244",
"1500000US150030098033","Block Group 3; Census Tract 98.03; Honolulu County; Hawaii","1303","519",
"1500000US150030098041","Block Group 1; Census Tract 98.04; Honolulu County; Hawaii","632","285",
"1500000US150030098042","Block Group 2; Census Tract 98.04; Honolulu County; Hawaii","1915","630",
"1500000US150030098043","Block Group 3; Census Tract 98.04; Honolulu County; Hawaii","1016","322",
"1500000US150030099021","Block Group 1; Census Tract 99.02; Honolulu County; Hawaii","422","154",
"1500000US150030099022","Block Group 2; Census Tract 99.02; Honolulu County; Hawaii","1338","490",
"1500000US150030099023","Block Group 3; Census Tract 99.02; Honolulu County; Hawaii","1165","534",
"1500000US150030099024","Block Group 4; Census Tract 99.02; Honolulu County; Hawaii","734","300",
"1500000US150030099051","Block Group 1; Census Tract 99.05; Honolulu County; Hawaii","908","293",
"1500000US150030099052","Block Group 2; Census Tract 99.05; Honolulu County; Hawaii","751","287",
"1500000US150030099053","Block Group 3; Census Tract 99.05; Honolulu County; Hawaii","1308","369",
"1500000US150030099061","Block Group 1; Census Tract 99.06; Honolulu County; Hawaii","1161","184",
"1500000US150030099062","Block Group 2; Census Tract 99.06; Honolulu County; Hawaii","588","218",
"1500000US150030099063","Block Group 3; Census Tract 99.06; Honolulu County; Hawaii","9","16",
"1500000US150030100001","Block Group 1; Census Tract 100; Honolulu County; Hawaii","1367","384",
"1500000US150030100002","Block Group 2; Census Tract 100; Honolulu County; Hawaii","758","263",
"1500000US150030100003","Block Group 3; Census Tract 100; Honolulu County; Hawaii","2012","442",
"1500000US150030101011","Block Group 1; Census Tract 101.01; Honolulu County; Hawaii","1132","382",
"1500000US150030101012","Block Group 2; Census Tract 101.01; Honolulu County; Hawaii","1134","312",
"1500000US150030101021","Block Group 1; Census Tract 101.02; Honolulu County; Hawaii","1657","506",
"1500000US150030101022","Block Group 2; Census Tract 101.02; Honolulu County; Hawaii","906","345",
"1500000US150030101031","Block Group 1; Census Tract 101.03; Honolulu County; Hawaii","392","147",
"1500000US150030101032","Block Group 2; Census Tract 101.03; Honolulu County; Hawaii","2375","411",
"1500000US150030102021","Block Group 1; Census Tract 102.02; Honolulu County; Hawaii","2529","472",
"1500000US150030102022","Block Group 2; Census Tract 102.02; Honolulu County; Hawaii","745","336",
"1500000US150030102023","Block Group 3; Census Tract 102.02; Honolulu County; Hawaii","2132","569",
"1500000US150030102024","Block Group 4; Census Tract 102.02; Honolulu County; Hawaii","1515","648",
"1500000US150030102031","Block Group 1; Census Tract 102.03; Honolulu County; Hawaii","950","229",
"1500000US150030102041","Block Group 1; Census Tract 102.04; Honolulu County; Hawaii","526","181",
"1500000US150030102042","Block Group 2; Census Tract 102.04; Honolulu County; Hawaii","1815","450",
"1500000US150030102051","Block Group 1; Census Tract 102.05; Honolulu County; Hawaii","1520","350",
"1500000US150030103031","Block Group 1; Census Tract 103.03; Honolulu County; Hawaii","1881","501",
"1500000US150030103032","Block Group 2; Census Tract 103.03; Honolulu County; Hawaii","2308","555",
"1500000US150030103033","Block Group 3; Census Tract 103.03; Honolulu County; Hawaii","890","331",
"1500000US150030103051","Block Group 1; Census Tract 103.05; Honolulu County; Hawaii","1846","391",
"1500000US150030103052","Block Group 2; Census Tract 103.05; Honolulu County; Hawaii","1056","424",
"1500000US150030103053","Block Group 3; Census Tract 103.05; Honolulu County; Hawaii","2442","700",
"1500000US150030103081","Block Group 1; Census Tract 103.08; Honolulu County; Hawaii","1604","426",
"1500000US150030103082","Block Group 2; Census Tract 103.08; Honolulu County; Hawaii","1884","410",
"1500000US150030103083","Block Group 3; Census Tract 103.08; Honolulu County; Hawaii","0","12",
"1500000US150030103091","Block Group 1; Census Tract 103.09; Honolulu County; Hawaii","1167","538",
"1500000US150030103092","Block Group 2; Census Tract 103.09; Honolulu County; Hawaii","1913","508",
"1500000US150030103093","Block Group 3; Census Tract 103.09; Honolulu County; Hawaii","864","172",
"1500000US150030103101","Block Group 1; Census Tract 103.10; Honolulu County; Hawaii","1556","312",
"1500000US150030103102","Block Group 2; Census Tract 103.10; Honolulu County; Hawaii","751","274",
"1500000US150030105031","Block Group 1; Census Tract 105.03; Honolulu County; Hawaii","823","84",
"1500000US150030105032","Block Group 2; Census Tract 105.03; Honolulu County; Hawaii","2254","449",
"1500000US150030105051","Block Group 1; Census Tract 105.05; Honolulu County; Hawaii","1228","503",
"1500000US150030105052","Block Group 2; Census Tract 105.05; Honolulu County; Hawaii","1317","373",
"1500000US150030105053","Block Group 3; Census Tract 105.05; Honolulu County; Hawaii","991","435",
"1500000US150030105071","Block Group 1; Census Tract 105.07; Honolulu County; Hawaii","2094","436",
"1500000US150030105072","Block Group 2; Census Tract 105.07; Honolulu County; Hawaii","1333","833",
"1500000US150030105073","Block Group 3; Census Tract 105.07; Honolulu County; Hawaii","710","247",
"1500000US150030105074","Block Group 4; Census Tract 105.07; Honolulu County; Hawaii","1280","355",
"1500000US150030105081","Block Group 1; Census Tract 105.08; Honolulu County; Hawaii","867","311",
"1500000US150030105082","Block Group 2; Census Tract 105.08; Honolulu County; Hawaii","2025","720",
"1500000US150030105091","Block Group 1; Census Tract 105.09; Honolulu County; Hawaii","762","217",
"1500000US150030105092","Block Group 2; Census Tract 105.09; Honolulu County; Hawaii","888","301",
"1500000US150030105101","Block Group 1; Census Tract 105.10; Honolulu County; Hawaii","1974","489",
"1500000US150030105102","Block Group 2; Census Tract 105.10; Honolulu County; Hawaii","1710","380",
"1500000US150030106011","Block Group 1; Census Tract 106.01; Honolulu County; Hawaii","1244","513",
"1500000US150030106012","Block Group 2; Census Tract 106.01; Honolulu County; Hawaii","1501","335",
"1500000US150030106013","Block Group 3; Census Tract 106.01; Honolulu County; Hawaii","1054","366",
"1500000US150030106021","Block Group 1; Census Tract 106.02; Honolulu County; Hawaii","1426","335",
"1500000US150030106022","Block Group 2; Census Tract 106.02; Honolulu County; Hawaii","2118","468",
"1500000US150030106023","Block Group 3; Census Tract 106.02; Honolulu County; Hawaii","2112","505",
"1500000US150030107011","Block Group 1; Census Tract 107.01; Honolulu County; Hawaii","1405","378",
"1500000US150030107012","Block Group 2; Census Tract 107.01; Honolulu County; Hawaii","782","197",
"1500000US150030107013","Block Group 3; Census Tract 107.01; Honolulu County; Hawaii","1521","644",
"1500000US150030107021","Block Group 1; Census Tract 107.02; Honolulu County; Hawaii","1587","283",
"1500000US150030107022","Block Group 2; Census Tract 107.02; Honolulu County; Hawaii","895","363",
"1500000US150030107023","Block Group 3; Census Tract 107.02; Honolulu County; Hawaii","1502","653",
"1500000US150030109011","Block Group 1; Census Tract 109.01; Honolulu County; Hawaii","761","338",
"1500000US150030109012","Block Group 2; Census Tract 109.01; Honolulu County; Hawaii","2417","356",
"1500000US150030109031","Block Group 1; Census Tract 109.03; Honolulu County; Hawaii","2461","501",
"1500000US150030109032","Block Group 2; Census Tract 109.03; Honolulu County; Hawaii","443","183",
"1500000US150030109033","Block Group 3; Census Tract 109.03; Honolulu County; Hawaii","1418","402",
"1500000US150030109041","Block Group 1; Census Tract 109.04; Honolulu County; Hawaii","886","361",
"1500000US150030109042","Block Group 2; Census Tract 109.04; Honolulu County; Hawaii","955","295",
"1500000US150030109043","Block Group 3; Census Tract 109.04; Honolulu County; Hawaii","1709","786",
"1500000US150030109044","Block Group 4; Census Tract 109.04; Honolulu County; Hawaii","560","273",
"1500000US150030109051","Block Group 1; Census Tract 109.05; Honolulu County; Hawaii","863","214",
"1500000US150030109052","Block Group 2; Census Tract 109.05; Honolulu County; Hawaii","1544","254",
"1500000US150030110001","Block Group 1; Census Tract 110; Honolulu County; Hawaii","1990","250",
"1500000US150030110002","Block Group 2; Census Tract 110; Honolulu County; Hawaii","1834","470",
"1500000US150030111031","Block Group 1; Census Tract 111.03; Honolulu County; Hawaii","2312","363",
"1500000US150030111032","Block Group 2; Census Tract 111.03; Honolulu County; Hawaii","1268","247",
"1500000US150030111041","Block Group 1; Census Tract 111.04; Honolulu County; Hawaii","1867","639",
"1500000US150030111042","Block Group 2; Census Tract 111.04; Honolulu County; Hawaii","808","244",
"1500000US150030111043","Block Group 3; Census Tract 111.04; Honolulu County; Hawaii","1466","472",
"1500000US150030111044","Block Group 4; Census Tract 111.04; Honolulu County; Hawaii","800","213",
"1500000US150030111051","Block Group 1; Census Tract 111.05; Honolulu County; Hawaii","909","496",
"1500000US150030111052","Block Group 2; Census Tract 111.05; Honolulu County; Hawaii","1996","339",
"1500000US150030111053","Block Group 3; Census Tract 111.05; Honolulu County; Hawaii","561","142",
"1500000US150030111061","Block Group 1; Census Tract 111.06; Honolulu County; Hawaii","1337","669",
"1500000US150030111062","Block Group 2; Census Tract 111.06; Honolulu County; Hawaii","1084","376",
"1500000US150030111063","Block Group 3; Census Tract 111.06; Honolulu County; Hawaii","1367","517",
"1500000US150030111064","Block Group 4; Census Tract 111.06; Honolulu County; Hawaii","1040","354",
"1500000US150030111065","Block Group 5; Census Tract 111.06; Honolulu County; Hawaii","993","383",
"1500000US150030112011","Block Group 1; Census Tract 112.01; Honolulu County; Hawaii","1428","486",
"1500000US150030112012","Block Group 2; Census Tract 112.01; Honolulu County; Hawaii","792","283",
"1500000US150030112013","Block Group 3; Census Tract 112.01; Honolulu County; Hawaii","635","350",
"1500000US150030112014","Block Group 4; Census Tract 112.01; Honolulu County; Hawaii","852","335",
"1500000US150030112015","Block Group 5; Census Tract 112.01; Honolulu County; Hawaii","1062","261",
"1500000US150030112021","Block Group 1; Census Tract 112.02; Honolulu County; Hawaii","853","306",
"1500000US150030112022","Block Group 2; Census Tract 112.02; Honolulu County; Hawaii","881","184",
"1500000US150030113001","Block Group 1; Census Tract 113; Honolulu County; Hawaii","908","519",
"1500000US150030113002","Block Group 2; Census Tract 113; Honolulu County; Hawaii","1734","432",
"1500000US150030113003","Block Group 3; Census Tract 113; Honolulu County; Hawaii","3412","824",
"1500000US150030114011","Block Group 1; Census Tract 114.01; Honolulu County; Hawaii","463","153",
"1500000US150030114012","Block Group 2; Census Tract 114.01; Honolulu County; Hawaii","1576","331",
"1500000US150030115001","Block Group 1; Census Tract 115; Honolulu County; Hawaii","1873","438",
"1500000US150030115002","Block Group 2; Census Tract 115; Honolulu County; Hawaii","1658","434",
"1500000US150030115003","Block Group 3; Census Tract 115; Honolulu County; Hawaii","2410","523",
"1500000US150030115004","Block Group 4; Census Tract 115; Honolulu County; Hawaii","4078","820",
"1500000US150030115005","Block Group 5; Census Tract 115; Honolulu County; Hawaii","1063","534",
"1500000US150030116001","Block Group 1; Census Tract 116; Honolulu County; Hawaii","617","116",
"1500000US150030116002","Block Group 2; Census Tract 116; Honolulu County; Hawaii","1189","286",
"1500000US150039400031","Block Group 1; Census Tract 9400.03; Honolulu County; Hawaii","2175","264",
"1500000US150039400041","Block Group 1; Census Tract 9400.04; Honolulu County; Hawaii","2330","356",
"1500000US150039400051","Block Group 1; Census Tract 9400.05; Honolulu County; Hawaii","2370","284",
"1500000US150039400061","Block Group 1; Census Tract 9400.06; Honolulu County; Hawaii","2640","314",
"1500000US150039400071","Block Group 1; Census Tract 9400.07; Honolulu County; Hawaii","2031","518",
"1500000US150039800001","Block Group 1; Census Tract 9800; Honolulu County; Hawaii","0","12",
"1500000US150039802001","Block Group 1; Census Tract 9802; Honolulu County; Hawaii","363","64",
"1500000US150039803001","Block Group 1; Census Tract 9803; Honolulu County; Hawaii","0","12",
"1500000US150039806001","Block Group 1; Census Tract 9806; Honolulu County; Hawaii","0","12",
"1500000US150039807001","Block Group 1; Census Tract 9807; Honolulu County; Hawaii","0","12",
"1500000US150039808001","Block Group 1; Census Tract 9808; Honolulu County; Hawaii","7","8",
"1500000US150039810001","Block Group 1; Census Tract 9810; Honolulu County; Hawaii","0","12",
"1500000US150039811001","Block Group 1; Census Tract 9811; Honolulu County; Hawaii","116","17",
"1500000US150039812001","Block Group 1; Census Tract 9812; Honolulu County; Hawaii","0","12",
"1500000US150039813001","Block Group 1; Census Tract 9813; Honolulu County; Hawaii","150","74",
"1500000US150039814001","Block Group 1; Census Tract 9814; Honolulu County; Hawaii","58","65",
"1500000US150039817001","Block Group 1; Census Tract 9817; Honolulu County; Hawaii","3314","536",
"1500000US150039818011","Block Group 1; Census Tract 9818.01; Honolulu County; Hawaii","2947","496",
"1500000US150039818021","Block Group 1; Census Tract 9818.02; Honolulu County; Hawaii","1551","420",
"1500000US150039818031","Block Group 1; Census Tract 9818.03; Honolulu County; Hawaii","3107","172",
"1500000US150039819001","Block Group 1; Census Tract 9819; Honolulu County; Hawaii","526","13",
"1500000US150039820001","Block Group 1; Census Tract 9820; Honolulu County; Hawaii","1080","360",
"1500000US150039821001","Block Group 1; Census Tract 9821; Honolulu County; Hawaii","0","12",
"1500000US150039822001","Block Group 1; Census Tract 9822; Honolulu County; Hawaii","81","18",
"1500000US150039900010","Block Group 0; Census Tract 9900.01; Honolulu County; Hawaii","0","12",
"1500000US150050319001","Block Group 1; Census Tract 319; Kalawao County; Hawaii","67","25",
"1500000US150059900000","Block Group 0; Census Tract 9900; Kalawao County; Hawaii","0","12",
"1500000US150070401041","Block Group 1; Census Tract 401.04; Kauai County; Hawaii","1320","287",
"1500000US150070401042","Block Group 2; Census Tract 401.04; Kauai County; Hawaii","272","99",
"1500000US150070401051","Block Group 1; Census Tract 401.05; Kauai County; Hawaii","1625","491",
"1500000US150070401052","Block Group 2; Census Tract 401.05; Kauai County; Hawaii","2989","596",
"1500000US150070401061","Block Group 1; Census Tract 401.06; Kauai County; Hawaii","707","227",
"1500000US150070401062","Block Group 2; Census Tract 401.06; Kauai County; Hawaii","756","233",
"1500000US150070401063","Block Group 3; Census Tract 401.06; Kauai County; Hawaii","557","206",
"1500000US150070402041","Block Group 1; Census Tract 402.04; Kauai County; Hawaii","2097","721",
"1500000US150070402042","Block Group 2; Census Tract 402.04; Kauai County; Hawaii","2950","731",
"1500000US150070402051","Block Group 1; Census Tract 402.05; Kauai County; Hawaii","1628","375",
"1500000US150070402052","Block Group 2; Census Tract 402.05; Kauai County; Hawaii","1369","426",
"1500000US150070402053","Block Group 3; Census Tract 402.05; Kauai County; Hawaii","861","345",
"1500000US150070402054","Block Group 4; Census Tract 402.05; Kauai County; Hawaii","1001","362",
"1500000US150070403011","Block Group 1; Census Tract 403.01; Kauai County; Hawaii","1836","767",
"1500000US150070403012","Block Group 2; Census Tract 403.01; Kauai County; Hawaii","2304","491",
"1500000US150070403013","Block Group 3; Census Tract 403.01; Kauai County; Hawaii","1744","621",
"1500000US150070403021","Block Group 1; Census Tract 403.02; Kauai County; Hawaii","1335","457",
"1500000US150070403022","Block Group 2; Census Tract 403.02; Kauai County; Hawaii","953","569",
"1500000US150070404011","Block Group 1; Census Tract 404.01; Kauai County; Hawaii","2307","726",
"1500000US150070404012","Block Group 2; Census Tract 404.01; Kauai County; Hawaii","2665","527",
"1500000US150070404013","Block Group 3; Census Tract 404.01; Kauai County; Hawaii","2699","717",
"1500000US150070404021","Block Group 1; Census Tract 404.02; Kauai County; Hawaii","1414","378",
"1500000US150070404022","Block Group 2; Census Tract 404.02; Kauai County; Hawaii","1892","540",
"1500000US150070405001","Block Group 1; Census Tract 405; Kauai County; Hawaii","1223","480",
"1500000US150070405002","Block Group 2; Census Tract 405; Kauai County; Hawaii","1434","539",
"1500000US150070405003","Block Group 3; Census Tract 405; Kauai County; Hawaii","2056","729",
"1500000US150070405004","Block Group 4; Census Tract 405; Kauai County; Hawaii","1836","605",
"1500000US150070406031","Block Group 1; Census Tract 406.03; Kauai County; Hawaii","439","164",
"1500000US150070406032","Block Group 2; Census Tract 406.03; Kauai County; Hawaii","3105","631",
"1500000US150070406041","Block Group 1; Census Tract 406.04; Kauai County; Hawaii","2218","377",
"1500000US150070406042","Block Group 2; Census Tract 406.04; Kauai County; Hawaii","1328","291",
"1500000US150070407011","Block Group 1; Census Tract 407.01; Kauai County; Hawaii","1418","420",
"1500000US150070407012","Block Group 2; Census Tract 407.01; Kauai County; Hawaii","1596","457",
"1500000US150070407021","Block Group 1; Census Tract 407.02; Kauai County; Hawaii","2007","592",
"1500000US150070407022","Block Group 2; Census Tract 407.02; Kauai County; Hawaii","344","224",
"1500000US150070407023","Block Group 3; Census Tract 407.02; Kauai County; Hawaii","2522","587",
"1500000US150070407024","Block Group 4; Census Tract 407.02; Kauai County; Hawaii","689","378",
"1500000US150070408001","Block Group 1; Census Tract 408; Kauai County; Hawaii","1628","449",
"1500000US150070408002","Block Group 2; Census Tract 408; Kauai County; Hawaii","1941","413",
"1500000US150070408003","Block Group 3; Census Tract 408; Kauai County; Hawaii","385","206",
"1500000US150070409001","Block Group 1; Census Tract 409; Kauai County; Hawaii","213","156",
"1500000US150070409002","Block Group 2; Census Tract 409; Kauai County; Hawaii","1035","345",
"1500000US150070409003","Block Group 3; Census Tract 409; Kauai County; Hawaii","693","219",
"1500000US150070409004","Block Group 4; Census Tract 409; Kauai County; Hawaii","814","277",
"1500000US150070409005","Block Group 5; Census Tract 409; Kauai County; Hawaii","866","404",
"1500000US150070409006","Block Group 6; Census Tract 409; Kauai County; Hawaii","2028","569",
"1500000US150070412001","Block Group 1; Census Tract 412; Kauai County; Hawaii","0","12",
"1500000US150070412002","Block Group 2; Census Tract 412; Kauai County; Hawaii","0","12",
"1500000US150079400001","Block Group 1; Census Tract 9400; Kauai County; Hawaii","2141","356",
"1500000US150079400002","Block Group 2; Census Tract 9400; Kauai County; Hawaii","2491","510",
"1500000US150079901000","Block Group 0; Census Tract 9901; Kauai County; Hawaii","0","12",
"1500000US150079902000","Block Group 0; Census Tract 9902; Kauai County; Hawaii","0","12",
"1500000US150079903000","Block Group 0; Census Tract 9903; Kauai County; Hawaii","0","12",
"1500000US150090301001","Block Group 1; Census Tract 301; Maui County; Hawaii","654","219",
"1500000US150090301002","Block Group 2; Census Tract 301; Maui County; Hawaii","642","271",
"1500000US150090302011","Block Group 1; Census Tract 302.01; Maui County; Hawaii","1694","543",
"1500000US150090302012","Block Group 2; Census Tract 302.01; Maui County; Hawaii","1178","313",
"1500000US150090302031","Block Group 1; Census Tract 302.03; Maui County; Hawaii","2526","596",
"1500000US150090302032","Block Group 2; Census Tract 302.03; Maui County; Hawaii","1806","569",
"1500000US150090302041","Block Group 1; Census Tract 302.04; Maui County; Hawaii","1151","313",
"1500000US150090302042","Block Group 2; Census Tract 302.04; Maui County; Hawaii","1751","563",
"1500000US150090302043","Block Group 3; Census Tract 302.04; Maui County; Hawaii","792","679",
"1500000US150090303041","Block Group 1; Census Tract 303.04; Maui County; Hawaii","1663","511",
"1500000US150090303042","Block Group 2; Census Tract 303.04; Maui County; Hawaii","2124","508",
"1500000US150090303051","Block Group 1; Census Tract 303.05; Maui County; Hawaii","1221","546",
"1500000US150090303052","Block Group 2; Census Tract 303.05; Maui County; Hawaii","1138","437",
"1500000US150090303053","Block Group 3; Census Tract 303.05; Maui County; Hawaii","2054","730",
"1500000US150090303054","Block Group 4; Census Tract 303.05; Maui County; Hawaii","1553","430",
"1500000US150090303061","Block Group 1; Census Tract 303.06; Maui County; Hawaii","2143","387",
"1500000US150090303071","Block Group 1; Census Tract 303.07; Maui County; Hawaii","814","358",
"1500000US150090303072","Block Group 2; Census Tract 303.07; Maui County; Hawaii","978","192",
"1500000US150090304031","Block Group 1; Census Tract 304.03; Maui County; Hawaii","892","221",
"1500000US150090304032","Block Group 2; Census Tract 304.03; Maui County; Hawaii","2191","446",
"1500000US150090304041","Block Group 1; Census Tract 304.04; Maui County; Hawaii","1426","381",
"1500000US150090304042","Block Group 2; Census Tract 304.04; Maui County; Hawaii","2178","541",
"1500000US150090304043","Block Group 3; Census Tract 304.04; Maui County; Hawaii","2314","642",
"1500000US150090304051","Block Group 1; Census Tract 304.05; Maui County; Hawaii","2253","711",
"1500000US150090304061","Block Group 1; Census Tract 304.06; Maui County; Hawaii","2180","719",
"1500000US150090304062","Block Group 2; Census Tract 304.06; Maui County; Hawaii","1722","584",
"1500000US150090304063","Block Group 3; Census Tract 304.06; Maui County; Hawaii","3385","830",
"1500000US150090305011","Block Group 1; Census Tract 305.01; Maui County; Hawaii","1890","547",
"1500000US150090305012","Block Group 2; Census Tract 305.01; Maui County; Hawaii","634","249",
"1500000US150090307051","Block Group 1; Census Tract 307.05; Maui County; Hawaii","2626","682",
"1500000US150090307052","Block Group 2; Census Tract 307.05; Maui County; Hawaii","2107","578",
"1500000US150090307061","Block Group 1; Census Tract 307.06; Maui County; Hawaii","2464","518",
"1500000US150090307081","Block Group 1; Census Tract 307.08; Maui County; Hawaii","2060","483",
"1500000US150090307082","Block Group 2; Census Tract 307.08; Maui County; Hawaii","787","338",
"1500000US150090307091","Block Group 1; Census Tract 307.09; Maui County; Hawaii","1267","383",
"1500000US150090307092","Block Group 2; Census Tract 307.09; Maui County; Hawaii","1297","309",
"1500000US150090307093","Block Group 3; Census Tract 307.09; Maui County; Hawaii","847","254",
"1500000US150090307101","Block Group 1; Census Tract 307.10; Maui County; Hawaii","1852","408",
"1500000US150090307102","Block Group 2; Census Tract 307.10; Maui County; Hawaii","649","218",
"1500000US150090307111","Block Group 1; Census Tract 307.11; Maui County; Hawaii","794","301",
"1500000US150090307112","Block Group 2; Census Tract 307.11; Maui County; Hawaii","1230","227",
"1500000US150090307121","Block Group 1; Census Tract 307.12; Maui County; Hawaii","2528","724",
"1500000US150090307131","Block Group 1; Census Tract 307.13; Maui County; Hawaii","642","329",
"1500000US150090307132","Block Group 2; Census Tract 307.13; Maui County; Hawaii","2918","763",
"1500000US150090308001","Block Group 1; Census Tract 308; Maui County; Hawaii","3975","981",
"1500000US150090308002","Block Group 2; Census Tract 308; Maui County; Hawaii","544","221",
"1500000US150090308003","Block Group 3; Census Tract 308; Maui County; Hawaii","3843","497",
"1500000US150090309011","Block Group 1; Census Tract 309.01; Maui County; Hawaii","710","288",
"1500000US150090309012","Block Group 2; Census Tract 309.01; Maui County; Hawaii","342","257",
"1500000US150090309013","Block Group 3; Census Tract 309.01; Maui County; Hawaii","925","341",
"1500000US150090309021","Block Group 1; Census Tract 309.02; Maui County; Hawaii","2151","569",
"1500000US150090309022","Block Group 2; Census Tract 309.02; Maui County; Hawaii","793","367",
"1500000US150090309031","Block Group 1; Census Tract 309.03; Maui County; Hawaii","2705","726",
"1500000US150090309032","Block Group 2; Census Tract 309.03; Maui County; Hawaii","1444","556",
"1500000US150090309033","Block Group 3; Census Tract 309.03; Maui County; Hawaii","3346","643",
"1500000US150090310011","Block Group 1; Census Tract 310.01; Maui County; Hawaii","939","368",
"1500000US150090310012","Block Group 2; Census Tract 310.01; Maui County; Hawaii","510","251",
"1500000US150090310013","Block Group 3; Census Tract 310.01; Maui County; Hawaii","2374","578",
"1500000US150090310014","Block Group 4; Census Tract 310.01; Maui County; Hawaii","3130","895",
"1500000US150090310021","Block Group 1; Census Tract 310.02; Maui County; Hawaii","985","490",
"1500000US150090310022","Block Group 2; Census Tract 310.02; Maui County; Hawaii","636","257",
"1500000US150090310023","Block Group 3; Census Tract 310.02; Maui County; Hawaii","2319","557",
"1500000US150090311021","Block Group 1; Census Tract 311.02; Maui County; Hawaii","1832","663",
"1500000US150090311022","Block Group 2; Census Tract 311.02; Maui County; Hawaii","1933","710",
"1500000US150090311023","Block Group 3; Census Tract 311.02; Maui County; Hawaii","2177","531",
"1500000US150090311041","Block Group 1; Census Tract 311.04; Maui County; Hawaii","2459","583",
"1500000US150090311051","Block Group 1; Census Tract 311.05; Maui County; Hawaii","887","678",
"1500000US150090311052","Block Group 2; Census Tract 311.05; Maui County; Hawaii","1914","851",
"1500000US150090311053","Block Group 3; Census Tract 311.05; Maui County; Hawaii","3412","908",
"1500000US150090311061","Block Group 1; Census Tract 311.06; Maui County; Hawaii","3450","1077",
"1500000US150090311062","Block Group 2; Census Tract 311.06; Maui County; Hawaii","2362","774",
"1500000US150090311063","Block Group 3; Census Tract 311.06; Maui County; Hawaii","407","264",
"1500000US150090311071","Block Group 1; Census Tract 311.07; Maui County; Hawaii","2420","389",
"1500000US150090314021","Block Group 1; Census Tract 314.02; Maui County; Hawaii","1547","441",
"1500000US150090314022","Block Group 2; Census Tract 314.02; Maui County; Hawaii","1052","279",
"1500000US150090314041","Block Group 1; Census Tract 314.04; Maui County; Hawaii","413","246",
"1500000US150090314042","Block Group 2; Census Tract 314.04; Maui County; Hawaii","1084","473",
"1500000US150090314043","Block Group 3; Census Tract 314.04; Maui County; Hawaii","681","311",
"1500000US150090314051","Block Group 1; Census Tract 314.05; Maui County; Hawaii","1268","560",
"1500000US150090314052","Block Group 2; Census Tract 314.05; Maui County; Hawaii","2015","515",
"1500000US150090314053","Block Group 3; Census Tract 314.05; Maui County; Hawaii","1135","598",
"1500000US150090314054","Block Group 4; Census Tract 314.05; Maui County; Hawaii","967","425",
"1500000US150090315011","Block Group 1; Census Tract 315.01; Maui County; Hawaii","1797","622",
"1500000US150090315012","Block Group 2; Census Tract 315.01; Maui County; Hawaii","1259","284",
"1500000US150090315031","Block Group 1; Census Tract 315.03; Maui County; Hawaii","1159","224",
"1500000US150090315032","Block Group 2; Census Tract 315.03; Maui County; Hawaii","1747","445",
"1500000US150090315041","Block Group 1; Census Tract 315.04; Maui County; Hawaii","1410","371",
"1500000US150090315051","Block Group 1; Census Tract 315.05; Maui County; Hawaii","150","81",
"1500000US150090315052","Block Group 2; Census Tract 315.05; Maui County; Hawaii","1274","194",
"1500000US150090315053","Block Group 3; Census Tract 315.05; Maui County; Hawaii","1245","343",
"1500000US150090316011","Block Group 1; Census Tract 316.01; Maui County; Hawaii","2577","464",
"1500000US150090316012","Block Group 2; Census Tract 316.01; Maui County; Hawaii","866","288",
"1500000US150090317001","Block Group 1; Census Tract 317; Maui County; Hawaii","1036","513",
"1500000US150090317002","Block Group 2; Census Tract 317; Maui County; Hawaii","2099","706",
"1500000US150090317003","Block Group 3; Census Tract 317; Maui County; Hawaii","366","178",
"1500000US150090317004","Block Group 4; Census Tract 317; Maui County; Hawaii","1626","671",
"1500000US150090317005","Block Group 5; Census Tract 317; Maui County; Hawaii","482","327",
"1500000US150090318011","Block Group 1; Census Tract 318.01; Maui County; Hawaii","859","180",
"1500000US150090318012","Block Group 2; Census Tract 318.01; Maui County; Hawaii","2193","405",
"1500000US150090319001","Block Group 1; Census Tract 319; Maui County; Hawaii","2426","748",
"1500000US150090319002","Block Group 2; Census Tract 319; Maui County; Hawaii","1485","628",
"1500000US150090319003","Block Group 3; Census Tract 319; Maui County; Hawaii","1406","594",
"1500000US150090320001","Block Group 1; Census Tract 320; Maui County; Hawaii","959","123",
"1500000US150099800001","Block Group 1; Census Tract 9800; Maui County; Hawaii","0","12",
"1500000US150099900000","Block Group 0; Census Tract 9900; Maui County; Hawaii","0","12",
"1500000US150099902000","Block Group 0; Census Tract 9902; Maui County; Hawaii","0","12",
"1500000US150099912000","Block Group 0; Census Tract 9912; Maui County; Hawaii","0","12",
